1_Link1,1_Value1_Self_Direction_Thought_values,1_Value1_Self_Direction_Action_values,1_Value1_Stimulation_values,1_Value1_Hedonism_values,1_Value1_Achievement_values,1_Value1_Power_Resources_values,1_Value1_Power_dominance_values,1_Value1_Face_values,1_Value1_Security_Personal_values,1_Value1_Security_Social_values,1_Value1_Conformity_Rules_values,1_Value1_Conformity_Interpersonal_values,1_Value1_Tradition_values,1_Value1_Humility_values,1_Value1_Benevolence_Dependability_values,1_Value1_Benevolence_Care_values,1_Value1_Universalism_Concern_values,1_Value1_Universalism_Nature_values,1_Value1_Universalism_Tolerance_values
https://www.tiktok.com/@alexkay/video/6783398367490854150,,conflict,,,,,,,,,conflict,,,,present,,,,
https://www.tiktok.com/@alexkay/video/6807140917636648197,,conflict,,,present,,conflict,present,conflict,,,present,,conflict,,conflict,,,
https://www.tiktok.com/@alexkay/video/6811970678024195334,,present,present,,,,dominant,,conflict,,,,,,,present,,,
https://www.tiktok.com/@alexkay/video/6905879944979631365,,,,,,dominant,,,,,,conflict,present,,,present,,,
https://www.tiktok.com/@alexkay/video/6925220555478027525,,present,,,dominant,present,,,,,,conflict,,,,,,,
https://www.tiktok.com/@alexkay/video/6986669243156745478,,,,,,present,,,present,,,,,,,present,,,
https://www.tiktok.com/@alexkay/video/6998241581232917766,,,,,,,,,,,,conflict,,,,,,,
https://www.tiktok.com/@alexkay/video/7014141317097852165,,,,,,,,,dominant,,,present,,conflict,,,,,
https://www.tiktok.com/@alexkay/video/7202015966824353067,,present,,,,present,,,dominant,,,,,,,,,,
https://www.tiktok.com/@alexkay/video/7325114085752737070,,,,,,present,,,,,,conflict,,,,present,,,
https://www.tiktok.com/@alia/video/7334789206327217441,dominant,,present,,,,,,,,,,,,,,,,
https://www.tiktok.com/@alia/video/7336234980273573152,,,,,present,dominant,,,,,,,,conflict,,,,,
https://www.tiktok.com/@alia/video/7337388501555563808,,,present,,present,dominant,present,,,,,,,,,,,,
https://www.tiktok.com/@alia/video/7338157060443393313,present,,,,dominant,,present,conflict,,,,,,present,,,,,
https://www.tiktok.com/@alia/video/7339254414043073825,,present,present,,dominant,present,present,conflict,,,,,,conflict,,conflict,,,
https://www.tiktok.com/@alia/video/7341060279108717857,,present,dominant,,dominant,,present,,,,,,,present,,,,,
https://www.tiktok.com/@alia/video/7342164619835788576,,,present,,present,dominant,,,,,,,,conflict,,,,,
https://www.tiktok.com/@alia/video/7343979963453836576,dominant,,present,,,,,,,,,,,,,,,,
https://www.tiktok.com/@alia/video/7345563238207376673,dominant,present,present,,present,,,,,,,,,,,,,,
https://www.tiktok.com/@alia/video/7346300665020370209,,,present,present,present,present,,,,,,,,,,,,,
https://www.tiktok.com/@ameliezilber/video/7301412529778068779,present,,,,present,present,,,present,,,,,,present,present,,,
https://www.tiktok.com/@ameliezilber/video/7306218804399394091,dominant,,,,,conflict,,,,,,conflict,,,,present,,,
https://www.tiktok.com/@ameliezilber/video/7308089561199201582,,,present,,,present,,,,,,,,present,,dominant,,,
https://www.tiktok.com/@ameliezilber/video/7311806912817843499,,,,,,,,conflict,conflict,,,conflict,,conflict,,conflict,,,
https://www.tiktok.com/@ameliezilber/video/7312963030734687531,,,,present,,dominant,,,,,,,,conflict,,present,,,
https://www.tiktok.com/@ameliezilber/video/7314832924895907118,,dominant,,present,,dominant,conflict,,present,,,,,conflict,present,present,,,
https://www.tiktok.com/@ameliezilber/video/7318110496278842666,dominant,,present,,present,,,,,,,,,present,,present,,,present
https://www.tiktok.com/@ameliezilber/video/7327788140498963758,dominant,,present,,,,,,,,,,,,,dominant,present,,
https://www.tiktok.com/@ameliezilber/video/7340721680462908714,,,,,,,,present,,,,conflict,,conflict,,conflict,,,
https://www.tiktok.com/@ameliezilber/video/7344770100060245294,,,,present,,dominant,,,,,,,,conflict,,,,,
https://www.tiktok.com/@annamcnulty/video/7325921964596514053,,present,present,,dominant,,,,,,,,,conflict,,,,,
https://www.tiktok.com/@annamcnulty/video/7326575101984525573,,,,,,,,present,,,,,,conflict,,,,,
https://www.tiktok.com/@annamcnulty/video/7334509206944386310,,present,,,dominant,,present,,,,,,,,,,,,
https://www.tiktok.com/@annamcnulty/video/7340034045138521349,,present,present,,dominant,present,,,,,,,,present,,,,,
https://www.tiktok.com/@annamcnulty/video/7341756934858525957,,present,present,,dominant,,,,,,,,,present,,,,,
https://www.tiktok.com/@annamcnulty/video/7346629442074119429,,present,present,,dominant,,,,dominant,,,present,,conflict,present,,,,
https://www.tiktok.com/@annamcnulty/video/7356379431520259333,,present,present,present,dominant,present,,,,,,,,present,,present,,,
https://www.tiktok.com/@annamcnulty/video/7357482389368524038,,,,,dominant,,,,,,,,,,,,,,
https://www.tiktok.com/@annamcnulty/video/7358090927530888453,present,present,present,present,dominant,present,,,,,,,,conflict,,,,,
https://www.tiktok.com/@annamcnulty/video/7363493695959665926,,,,,dominant,,,,,,,,,conflict,,,,,
https://www.tiktok.com/@ava_oetting2/video/7360946087026380050 ,present,,,,,,,,,,,,,dominant,,present,,,
https://www.tiktok.com/@ava_oetting2/video/7360970805997473031 ,,,present,,,present,present,,,,,,,,,present,,,
https://www.tiktok.com/@ava_oetting2/video/7361329068115053831,,,,,present,,,,,,,,,conflict,,present,,,
https://www.tiktok.com/@ava_oetting2/video/7362357510612749586 ,present,present,,,,present,,,,,,,,,,present,,,
https://www.tiktok.com/@ava_oetting2/video/7362359945955659016,,,,present,,present,,,,,,,,,,conflict,,,
https://www.tiktok.com/@ava_oetting2/video/7362797540141436178,present,,,,,,,,,,,,,,,present,,,
https://www.tiktok.com/@ava_oetting2/video/7363217588396100871,,,,present,,,present,,,,,,,,,present,,,
https://www.tiktok.com/@ava_oetting2/video/7363557247558995218,,,,present,,present,,,,,,,,conflict,present,,,,
https://www.tiktok.com/@ava_oetting2/video/7363566206164520199,present,dominant,,present,,,,,present,,present,,,,,present,,,
https://www.tiktok.com/@ava_oetting2/video/7363932221771631879,,,,present,,,,,,,,,,conflict,,,,,
https://www.tiktok.com/@avani/video/7343014283590094111,,,,,,,,,present,,,,,conflict,,,,,
https://www.tiktok.com/@avani/video/7343014416578858271,,,,,,,,,,,,,,conflict,,present,,,
https://www.tiktok.com/@avani/video/7343015745980337438,,present,,,,,,,conflict,,,,,,,present,,,
https://www.tiktok.com/@avani/video/7343729344302337311,present,,,,present,present,,,,,,,,conflict,,,,,
https://www.tiktok.com/@avani/video/7344816102159027487,,,,,,,present,,,,,,,conflict,,,,,
https://www.tiktok.com/@avani/video/7345919116420680990,,,,,,,,conflict,,,,conflict,,conflict,,conflict,,,
https://www.tiktok.com/@avani/video/7346674373538942238,,,,,,,present,,,,,,,conflict,,,,,
https://www.tiktok.com/@avani/video/7346732425436826911,,,,,present,present,,,,,,,,,,conflict,,,
https://www.tiktok.com/@avani/video/7346736072354827550,,,,,,,,,,,,,,conflict,,present,,,
https://www.tiktok.com/@avani/video/7348133881570135326,present,dominant,,present,present,,,,,,,conflict,,conflict,,,,,
https://www.tiktok.com/@averykroll1/video/7344173832502119726,,present,present,dominant,,present,,,conflict,,,conflict,,,,,,,
https://www.tiktok.com/@averykroll1/video/7344448113588866350,,,present,dominant,,,,,,,,,,conflict,,,,,
https://www.tiktok.com/@averykroll1/video/7344862419744804139,,,present,,,present,,,,,,present,,present,,present,,,
https://www.tiktok.com/@averykroll1/video/7345192315968851243,present,,,,present,,,present,,,,dominant,,,,,,,
https://www.tiktok.com/@averykroll1/video/7345672514737130794,present,,,,present,,,,,,,present,,present,,,,,
https://www.tiktok.com/@averykroll1/video/7346359844812639531,,,present,,,,,,,,,,,,,,,,
https://www.tiktok.com/@averykroll1/video/7346387883244129578,dominant,,,,present,,,,conflict,,,dominant,present,present,present,present,,,
https://www.tiktok.com/@averykroll1/video/7348176798192127275,,present,,,,,,,,,,,,,present,,,,
https://www.tiktok.com/@averykroll1/video/7348232013469519146,dominant,dominant,present,,present,,conflict,,,,,conflict,present,conflict,,,,,
https://www.tiktok.com/@bayleejaeart/video/7340066179173698821,present,,,,,,,,,,,,,,,,,,
https://www.tiktok.com/@bayleejaeart/video/7340375833271487750,,present,,,present,,present,,,,,,,,,,,,
https://www.tiktok.com/@bayleejaeart/video/7341489966914063621,dominant,,present,,present,,,,,,,,,,,,,,
https://www.tiktok.com/@bayleejaeart/video/7341843600164031750,present,present,,,present,,present,,,,,,,conflict,,,,,
https://www.tiktok.com/@bayleejaeart/video/7344092086745959686,present,,present,,present,present,,,,,,,,,,,,,
https://www.tiktok.com/@bayleejaeart/video/7347753666264272134,present,present,present,,,present,,,,,,,,,,,,,
https://www.tiktok.com/@bayleejaeart/video/7349280025528519941,,,present,,,dominant,conflict,,,,,,,,present,,,,
https://www.tiktok.com/@bayleejaeart/video/7354510805271907589,present,present,,,present,,,,,,,,,,present,,,,
https://www.tiktok.com/@bayleejaeart/video/7355596092836220165,present,present,present,,,,,,,,,,,,,,,,
https://www.tiktok.com/@bayleejaeart/video/7355955486245653765,present,present,present,,,present,,,,,,,,,,,,,
https://www.tiktok.com/@baylenlevine/video/7330088555747839274,,,,,,conflict,,present,,,,,,present,,,,,
https://www.tiktok.com/@baylenlevine/video/7331868467169070379,dominant,,,,,,,present,,,,,,conflict,,,,,
https://www.tiktok.com/@baylenlevine/video/7333003176859176235,,,,,,present,,,,,,conflict,,,,present,,,
https://www.tiktok.com/@baylenlevine/video/7333806020382231850,,dominant,,,,present,present,,,,,conflict,,,,conflict,,,
https://www.tiktok.com/@baylenlevine/video/7334122345075871018,,,present,present,,present,,,,,,,,conflict,,,,,
https://www.tiktok.com/@baylenlevine/video/7337441565100772654,present,present,,,,,present,,,,,present,,,,present,,,present
https://www.tiktok.com/@baylenlevine/video/7341934915841183022,,,,,,dominant,dominant,,,,,,,conflict,,,,,
https://www.tiktok.com/@baylenlevine/video/7347528064110251307,,,present,,,present,,,,,,,,conflict,,,,,
https://www.tiktok.com/@baylenlevine/video/7354159605158628651,present,,,,,,,,,,,,,,,,,,
https://www.tiktok.com/@baylenlevine/video/7360509912209968430,,,present,,,present,,,,,,present,,,,,,,
https://www.tiktok.com/@beautychickee/video/7109147828873612587,,,,,present,,present,dominant,,,,,,conflict,,conflict,,,
https://www.tiktok.com/@beautychickee/video/7311442310766529834,present,,present,,,,,conflict,,,,,,,present,,,,
https://www.tiktok.com/@beautychickee/video/7327018556883733802,,,,,,,,,,,,,,conflict,,,,,
https://www.tiktok.com/@beautychickee/video/7327729379260304683,,,,,present,,,present,dominant,,,,,,present,,,,
https://www.tiktok.com/@beautychickee/video/7335938723500018987,present,,,present,,,,,conflict,,,,,,,,,,
https://www.tiktok.com/@beautychickee/video/7338909451929537838,,,,,,,,conflict,,,,,,,,present,,,
https://www.tiktok.com/@beautychickee/video/7339617725750250794,present,dominant,present,present,,,,conflict,,,,,,,,conflict,,,
https://www.tiktok.com/@beautychickee/video/7341096136662584622,present,,dominant,,,dominant,,,,,,,,conflict,present,,,,
https://www.tiktok.com/@beautychickee/video/7344788903083150635,,,dominant,dominant,,,,,,,,,,conflict,,,,,
https://www.tiktok.com/@beautychickee/video/7345945068836244782,present,,,,,,,present,,,,,,present,present,,,,
https://www.tiktok.com/@benazelart/video/6744762293453737221,,present,present,,,dominant,present,conflict,,,,conflict,,,,present,,,
https://www.tiktok.com/@benazelart/video/6984118495667604742,present,,,,present,,present,conflict,,,,,,,,,,,
https://www.tiktok.com/@benazelart/video/7151142182517214506,,,present,,dominant,,,,,,,,,,,,,,
https://www.tiktok.com/@benazelart/video/7247925277345762606,,present,present,,dominant,,,,conflict,,,,,,,,,,
https://www.tiktok.com/@benazelart/video/7250519165830696235,,present,present,,dominant,,,,conflict,,,,,,,,,,
https://www.tiktok.com/@benazelart/video/7250600185812847918,,,present,,,present,present,,,,,conflict,,,conflict,conflict,,,
https://www.tiktok.com/@benazelart/video/7290309132303732011,,,present,,,present,,,,,,,present,,,present,,,
https://www.tiktok.com/@benazelart/video/7302128902065900846,,,present,,dominant,,,,,,,,,,,,,,
https://www.tiktok.com/@benazelart/video/7304431569119300906,,,present,,,present,,,,,,,,,,,,,
https://www.tiktok.com/@benazelart/video/7335204788910427422,,,present,,,dominant,,,,,,,,,,,,,
https://www.tiktok.com/@benbuttv/video/7111321395929582894,,,,,present,,present,,,,,,,conflict,,,,,
https://www.tiktok.com/@benbuttv/video/7116130738453646638,,,,,present,,dominant,present,,,,,present,conflict,,conflict,,,
https://www.tiktok.com/@benbuttv/video/7124665140598803754,,,,,present,,present,,,,,,,conflict,,conflict,,,
https://www.tiktok.com/@benbuttv/video/7346319340280565022,,present,,,,,present,,,,,conflict,,,,conflict,,,
https://www.tiktok.com/@benbuttv/video/7346704682867248415,,,,,,,conflict,,,,,conflict,,,,conflict,,,
https://www.tiktok.com/@benbuttv/video/7347071060749176095,,,,,,,dominant,,,,,conflict,,conflict,conflict,conflict,,,
https://www.tiktok.com/@benbuttv/video/7347421992368295199,,,,,,,dominant,,,,,conflict,,conflict,,conflict,,,
https://www.tiktok.com/@benbuttv/video/7347768974068698399,,present,,present,present,,dominant,,,,,conflict,,conflict,,conflict,,,
https://www.tiktok.com/@benbuttv/video/7348082659890875679,,,,,,,dominant,present,,,,conflict,,,,conflict,,,
https://www.tiktok.com/@benbuttv/video/7348555671094218015,,,,,present,,dominant,,,,,,,conflict,,,,,
https://www.tiktok.com/@blaze/video/6803524613360962821,,,,,,,,present,,,,present,present,,present,,,,
https://www.tiktok.com/@blaze/video/7326283963440532782,,,present,,,,present,,,,,,,,present,,,,
https://www.tiktok.com/@blaze/video/7327465913354030367,,,,,present,,,conflict,,,,,,,,present,,,
https://www.tiktok.com/@blaze/video/7328562824110705950,present,,present,,,,,,,,,conflict,,,,,,,
https://www.tiktok.com/@blaze/video/7329317260609195294,,,,,,,,conflict,,,,,,,,present,,,
https://www.tiktok.com/@blaze/video/7329632530745920798,,,present,,,present,present,,,,,,,,present,,,,
https://www.tiktok.com/@blaze/video/7329701070597279006,,,present,,,,,,,,,,,,,present,,,
https://www.tiktok.com/@blaze/video/7331179106714848542,dominant,,,,,,,,,,,,,,,,,,
https://www.tiktok.com/@blaze/video/7333054981454581023,,,present,,,,,,,,,,,,present,,,,
https://www.tiktok.com/@blaze/video/7363422846988651818,,,,,,,conflict,dominant,,,,,,present,,present,,,
https://www.tiktok.com/@brentrivera/video/7337498876028587310,,,,,,,,,,,,present,present,present,,dominant,,,
https://www.tiktok.com/@brentrivera/video/7339645060130082091,,,,,,,,,,,,conflict,present,,conflict,conflict,,,
https://www.tiktok.com/@brentrivera/video/7340061275839302955,,,,dominant,,,,,,,,present,present,,,,,,
https://www.tiktok.com/@brentrivera/video/7342703222915632426,,,,,,,present,,,,,present,present,,conflict,present,,,
https://www.tiktok.com/@brentrivera/video/7343855659261168938,,present,present,,present,,dominant,present,conflict,,,conflict,,,,,,,
https://www.tiktok.com/@brentrivera/video/7344970755014249771,,,,,,,conflict,present,present,,,dominant,,conflict,,,,,
https://www.tiktok.com/@brentrivera/video/7345958018644708650,,,,,,,,,,,,conflict,,,,conflict,,,
https://www.tiktok.com/@brentrivera/video/7347093692278132010,,,,,,,,,,,,present,,,,conflict,,,
https://www.tiktok.com/@brentrivera/video/7347916511153048875,,,,,,,conflict,,,,,,,conflict,,,,,
https://www.tiktok.com/@brentrivera/video/7348566649936612654,present,present,,,,,,,,,,,,,,present,,present,
https://www.tiktok.com/@brianna_mizura/video/7158604801528450347 ,conflict,conflict,,,,present,conflict,,,,present,conflict,present,,,present,,,
https://www.tiktok.com/@brianna_mizura/video/7360416035666791726 ,,present,,,present,,,,,,,,,present,,present,,,
https://www.tiktok.com/@brianna_mizura/video/7360894256543812907 ,conflict,conflict,,,,,conflict,,conflict,,dominant,,present,,,present,,,
https://www.tiktok.com/@brianna_mizura/video/7361655088823225642 ,,,,,,,dominant,,conflict,,dominant,,,,,present,,,
https://www.tiktok.com/@brianna_mizura/video/7362303708782284075,,,,,dominant,conflict,,,,,,,,,,conflict,,,
https://www.tiktok.com/@brianna_mizura/video/7347513246372351274?lang=en-,present,,present,dominant,,,,,,,,present,,conflict,,,,,
https://www.tiktok.com/@brianna_mizura/video/7362683564741119278 ,,,,,,,dominant,,,,,present,,,,conflict,,,
https://www.tiktok.com/@brianna_mizura/video/7362774908469792042 ,,,,,dominant,,present,,present,,,,,present,present,present,,,
https://www.tiktok.com/@brianna_mizura/video/7363010122664201514,,present,,,dominant,,,,,,present,,,,,present,,,
https://www.tiktok.com/@brianna_mizura/video/7363378114790952234,present,,,,,,,,present,,,present,,,,,,,
https://www.tiktok.com/@brooklynandbailey/video/7149760758862122282,,,,,,,,,,,,,,,,dominant,,,
https://www.tiktok.com/@brooklynandbailey/video/7267718495083990318,,,,,,,,,,,,,,,,present,,,
https://www.tiktok.com/@brooklynandbailey/video/7320778993651748138,dominant,present,,,,,,present,,,,conflict,,conflict,conflict,,,,present
https://www.tiktok.com/@brooklynandbailey/video/7344942424667475242,present,,present,,,,,,,,,,,,,,,,
https://www.tiktok.com/@brooklynandbailey/video/7345302553128750382,,present,,,,,,,,,,,,,,,,,
https://www.tiktok.com/@brooklynandbailey/video/7345997802515860782,,,,,,,,,,,,conflict,,,,,,,
https://www.tiktok.com/@brooklynandbailey/video/7346331981031935274,,,,,present,,,,,,,conflict,,,,conflict,,,
https://www.tiktok.com/@brooklynandbailey/video/7346642570098773290,,present,,,present,,,,,,,,,,,dominant,,,
https://www.tiktok.com/@brooklynandbailey/video/7347494472504118570,present,,,,,,,conflict,,,,present,,,,,,,
https://www.tiktok.com/@brooklynandbailey/video/7347784624606579999,conflict,,,,,,,,,,,present,,,,,,,
https://www.tiktok.com/@brycehall/video/7343769560794926379,,,,,present,,dominant,present,,,,,,conflict,,,,,
https://www.tiktok.com/@brycehall/video/7344876644164799787,present,,,,present,,present,,,,,conflict,,conflict,,,,,
https://www.tiktok.com/@brycehall/video/7344888657351839018,,,,,,,,,,,,,,,,conflict,,,
https://www.tiktok.com/@brycehall/video/7345239072949931307,,,,,,,,conflict,,,,,,,,conflict,,,
https://www.tiktok.com/@brycehall/video/7345249134762265899,,,,,conflict,,conflict,conflict,conflict,,,,,,,,,,
https://www.tiktok.com/@brycehall/video/7345918270513548590,,,,,,,present,,,,,,,conflict,,,,,
https://www.tiktok.com/@brycehall/video/7347054815517691179,present,present,,,conflict,conflict,present,conflict,,,,,,conflict,,,,,
https://www.tiktok.com/@brycehall/video/7347793067589569835,,,,present,present,,conflict,conflict,,,,,,present,,,,,
https://www.tiktok.com/@brycehall/video/7348187911172410667,,,,,present,,,present,,,,,,conflict,,present,,,
https://www.tiktok.com/@brycehall/video/7348539662970932523,present,,,,present,,present,present,,,,,,conflict,,,,,
https://www.tiktok.com/@charlidamelio/video/7345208956970650911,,,,,,,present,,,,,,,conflict,,conflict,,,
https://www.tiktok.com/@charlidamelio/video/7345240747572006174,present,,,,,,,present,,,,present,,,,conflict,,,
https://www.tiktok.com/@charlidamelio/video/7345585887981489451,,present,,,,present,,,,,,,,,,,,,
https://www.tiktok.com/@charlidamelio/video/7346622537570241823,,,,,,dominant,,,,,,,,conflict,,,,,
https://www.tiktok.com/@charlidamelio/video/7346843466242034974,,present,,,present,present,,,,,,,,conflict,,,,,
https://www.tiktok.com/@charlidamelio/video/7347029773564054826,,,present,,dominant,present,,,,,,,,conflict,present,present,,,
https://www.tiktok.com/@charlidamelio/video/7347736790305901855,,present,,,,,present,,,,,conflict,,conflict,,,,,
https://www.tiktok.com/@charlidamelio/video/7349328885210762527,,,,,,,,,,,,,,conflict,present,,,,
https://www.tiktok.com/@couragejd/video/7332980903007898922,present,,dominant,,,,,,,,,,,,,,,,
https://www.tiktok.com/@couragejd/video/7340384016782200107,,,present,,,,,,,,,,,,present,,,,
https://www.tiktok.com/@couragejd/video/7342197859200060715,present,,dominant,,present,,,,,,,,,,,,,,
https://www.tiktok.com/@couragejd/video/7343708270885965102,,,dominant,,,,,,,,,,,,,,,,
https://www.tiktok.com/@couragejd/video/7343902108439055659,,,dominant,,,,,,,,,,,,,,,,
https://www.tiktok.com/@couragejd/video/7344086036357729579,,,dominant,present,,present,,,,,,,,,,,,,
https://www.tiktok.com/@couragejd/video/7344169142838349102,,,,,,,,,,,,conflict,,,,present,,,
https://www.tiktok.com/@couragejd/video/7344216947585944878,,,dominant,,dominant,,present,,,,,,,,,,,,
https://www.tiktok.com/@couragejd/video/7347114925333990698,,,dominant,,,present,,,,,,,,conflict,present,,,,
https://www.tiktok.com/@couragejd/video/7341848689629023530,,,dominant,,present,,,,,,,,,,,,,,
https://www.tiktok.com/@craftfactory/video/7223731634992925958,present,dominant,,,present,,,,,,,,,,,,,,
https://www.tiktok.com/@craftfactory/video/7268283095613197600,present,present,,,present,,,,,,,,,,,,,,
https://www.tiktok.com/@craftfactory/video/7339951471418527009,dominant,present,,,present,,,,,,,,,,,present,,,
https://www.tiktok.com/@craftfactory/video/7345084838891883809,present,dominant,,,,present,,,,,,,,,,,,,
https://www.tiktok.com/@craftfactory/video/7345091635753045280,present,dominant,,,present,,,,,,,,,,,,,,
https://www.tiktok.com/@craftfactory/video/7345528723099159840,present,,,,present,,,,,,,,,conflict,,,,,
https://www.tiktok.com/@craftfactory/video/7345846337830784288,dominant,present,,,present,,,,,,,,,,,,,,
https://www.tiktok.com/@craftfactory/video/7347736615126682912,present,,,,present,,,,,,,,present,,,,,,
https://www.tiktok.com/@craftfactory/video/7348117956540239137,present,present,,,present,,,,,,,,present,,,,,,
https://www.tiktok.com/@craftfactory/video/7348479015449152801,present,present,,,present,,,,,,,,present,,,,,,
https://www.tiktok.com/@craftychica/video/7005711597935004933,present,,,,dominant,,,,,,,,,present,,,,,
https://www.tiktok.com/@craftychica/video/7060654833371483439,,present,,,present,,,,,,,,,present,,dominant,,,
https://www.tiktok.com/@craftychica/video/7338505463514041646,,,,,,,,,,,,,,,present,,,,
https://www.tiktok.com/@craftychica/video/7338843270136483115,dominant,present,,,,,,,present,,,,,present,,dominant,,,
https://www.tiktok.com/@craftychica/video/7340836562705370410,present,dominant,present,,present,,,,,,,,,,,,,,
https://www.tiktok.com/@craftychica/video/7341229705791540522,,,present,,dominant,present,,,,,,,,present,,present,,,
https://www.tiktok.com/@craftychica/video/7344468166141152555,,dominant,,,present,present,,,present,,,,,,,present,,,
https://www.tiktok.com/@craftychica/video/7345917227570449706,,,,,present,present,,,,,,,,present,,,,,
https://www.tiktok.com/@craftychica/video/7346667989007174954,dominant,present,,,,,,,,,,,,,,,,,
https://www.tiktok.com/@craftychica/video/7347872423057968427,,,,,present,,,,,,,,,,present,present,,,
https://www.tiktok.com/@daisykeech/video/7076033183191633198,,present,,,present,,,present,,,,present,,conflict,,,,,
https://www.tiktok.com/@daisykeech/video/7077647252990201134,,,,,present,,present,,,,,,,conflict,,,,,
https://www.tiktok.com/@daisykeech/video/7334425533691727147,present,,,,,,,,,,,,,present,,dominant,,dominant,
https://www.tiktok.com/@daisykeech/video/7335906219590241582,,,present,present,,present,,,,,,,,,,present,,,
https://www.tiktok.com/@daisykeech/video/7342952130782825770,present,,,,,present,,,,,,,,,,,,,
https://www.tiktok.com/@daisykeech/video/7343296926508535083,present,,,,,,,,dominant,,,,,,,,,,
https://www.tiktok.com/@daisykeech/video/7344425449495481646,,present,,,,present,,,present,,,,present,,,,,present,
https://www.tiktok.com/@daisykeech/video/7347169010770922795,,present,,,,,,,present,,,,,present,,present,,present,
https://www.tiktok.com/@daisykeech/video/7347329186664598826,,,,,,dominant,,,present,,,,,conflict,,present,,,
https://www.tiktok.com/@daisykeech/video/7347842698985917738,,,,,,present,,,present,,,,,,dominant,,,,
https://www.tiktok.com/@dangmattsmith/video/7338239622922718506,,present,,,present,,,,,,,,,,,,,,
https://www.tiktok.com/@dangmattsmith/video/7340120245337738538,,conflict,,,,conflict,,,,,,,,,,,,,
https://www.tiktok.com/@dangmattsmith/video/7340862258433609002,,,,,,,,,,,,,,,,,,,
https://www.tiktok.com/@dangmattsmith/video/7341233660726676779,present,present,dominant,,present,,,,,,,,,,present,,,,
https://www.tiktok.com/@dangmattsmith/video/7342346760481721642,,,,present,conflict,,conflict,conflict,conflict,,conflict,conflict,,,,,,,
https://www.tiktok.com/@dangmattsmith/video/7343088860072545579,,,,,,,,,conflict,,,,,,,,,,
https://www.tiktok.com/@dangmattsmith/video/7345671262292806954,,,,,,present,present,,present,,present,,,,,conflict,,,
https://www.tiktok.com/@dangmattsmith/video/7347897540257434926,,,,,,,present,dominant,conflict,,,present,,,,conflict,,,
https://www.tiktok.com/@dangmattsmith/video/7352350663738805546,,,,,,,,,conflict,,,conflict,present,,,,,,
https://www.tiktok.com/@dangmattsmith/video/7346413165749783850,,,,,present,,present,dominant,,,,,,conflict,,conflict,,,
https://www.tiktok.com/@daydrianharding/photo/7359388314929073450 ,,,present,present,present,present,present,,conflict,,conflict,,,conflict,,conflict,,,
https://www.tiktok.com/@daydrianharding/video/7222038744184950059,,,,,,,present,conflict,,,conflict,conflict,,,,,,conflict,
https://www.tiktok.com/@daydrianharding/video/7362302999466822958 ,,conflict,,,,,conflict,,,,conflict,,,,,,,,
https://www.tiktok.com/@daydrianharding/video/7362686401269222698 ,,,,,,,,,,,,,,,,present,,,conflict
https://www.tiktok.com/@daydrianharding/video/7362686401588022571,,,,,,,,,,,,,,,,present,,,
https://www.tiktok.com/@daydrianharding/video/7363116985372167466 ,present,,,,,,,,,,,conflict,,,,,,,
https://www.tiktok.com/@daydrianharding/video/7363117042045865262,,,,,,,,present,,,present,,,,,present,,,
https://www.tiktok.com/@daydrianharding/video/7363500668876786986,,,,,,,,,,,,present,,,,present,,,
https://www.tiktok.com/@daydrianharding/video/7363800930078231851 ,,,present,,present,dominant,present,,,,,,,conflict,,,,,
https://www.tiktok.com/@daydrianharding/video/7363831759345077546 ,,,,,,,conflict,conflict,,,,conflict,,,,,,,
https://www.tiktok.com/@dentaldigest/video/7353309201084534059,,present,,,present,,,,present,,,,,,present,,,,
https://www.tiktok.com/@dentaldigest/video/7355532391622004011,present,,present,,,,,,present,,,,,,,,,,
https://www.tiktok.com/@dentaldigest/video/7356645584113061162,,,present,,,,,,dominant,,,,,,present,,,,
https://www.tiktok.com/@dentaldigest/video/7357366356783680814,,,present,,present,,,,,,,,,,present,,,,
https://www.tiktok.com/@dentaldigest/video/7358847452444691754,,,present,,,present,,,dominant,,,,,,,,,,
https://www.tiktok.com/@dentaldigest/video/7359943631433633066,,present,,present,,,,,conflict,,,,,,,,,,
https://www.tiktok.com/@dentaldigest/video/7361458285188238634,,present,,,present,,,,present,,,,,,present,,,,
https://www.tiktok.com/@dentaldigest/video/7362170870716042539,,present,,,present,,,,present,,,,,,,,,,
https://www.tiktok.com/@dentaldigest/video/7362957861330373934,present,,present,,present,,present,,present,,,,,,present,,,,
https://www.tiktok.com/@dentaldigest/video/7363668481897680170,,present,present,,,,,,present,,,,,,present,,,,
https://www.tiktok.com/@dermdoctor/video/7341831804376272174,present,,,,,,,,present,,,,,,,present,,,
https://www.tiktok.com/@dermdoctor/video/7343086438096866602,,,,,,,,,present,,,,,,present,,,,
https://www.tiktok.com/@dermdoctor/video/7343389266464083242,,,,,,,,,dominant,,,,,,present,,,,
https://www.tiktok.com/@dermdoctor/video/7344182656520752426,,,,,,present,,,present,,,,,,present,present,,,
https://www.tiktok.com/@dermdoctor/video/7344599989139688746,present,,,,,,,,present,,,,,,dominant,present,,,
https://www.tiktok.com/@dermdoctor/video/7344947358423092523,,,,,,,,,present,,,,,,present,,,,
https://www.tiktok.com/@dermdoctor/video/7345623560615906602,,,,,present,,,,dominant,,,,,,dominant,,,,
https://www.tiktok.com/@dermdoctor/video/7345910457477123371,,,,,,,,,present,,,,,,dominant,present,,,
https://www.tiktok.com/@dermdoctor/video/7345998668887199022,,present,,,,,,conflict,dominant,,,,,,present,present,,,
https://www.tiktok.com/@dermdoctor/video/7348114389897153835,present,present,,,,dominant,,,,,,,,,present,,,,
https://www.tiktok.com/@dixonsisterss/video/7303068797622078751 ,,,,,dominant,,,,conflict,,,,,conflict,present,,,,
https://www.tiktok.com/@dixonsisterss/video/7348184511617830186,,,present,,,,,,,,,dominant,,conflict,,,,,
https://www.tiktok.com/@dixonsisterss/video/7352266192876211502 ,,,,,present,,,,,,,,,conflict,,,,,
https://www.tiktok.com/@dixonsisterss/video/7354085684338101546 ,,,,,,conflict,,,,,,,,conflict,,,,,
https://www.tiktok.com/@dixonsisterss/video/7354874890496855339 ,present,,present,,,present,,,,,,,,conflict,,,,,
https://www.tiktok.com/@dixonsisterss/video/7357140879179566379 ,,,,present,,present,,,,,,,,,,,,,
https://www.tiktok.com/@dixonsisterss/video/7357433320612842795?lang=he-IL,,,,,present,,,,,,,,,,present,present,,,
https://www.tiktok.com/@dixonsisterss/video/7358840536041573674,present,,,,,,,,,,,present,,,,,,,
https://www.tiktok.com/@dixonsisterss/video/7359613273647369518 ,,,,dominant,,,,,,,,,,conflict,,,,,
https://www.tiktok.com/@dixonsisterss/video/7361543695000276270 ,,,,present,,,conflict,,,,,,,,,,,,
https://www.tiktok.com/@dobretwins/video/7328489587934907694,,,,,present,present,present,,,,,,,conflict,,,,,
https://www.tiktok.com/@dobretwins/video/7331457932560895278,,,,,,,present,present,,,,,,conflict,,conflict,,,
https://www.tiktok.com/@dobretwins/video/7335178934205615390,,present,dominant,,present,dominant,,,present,,,,,,present,,,,
https://www.tiktok.com/@dobretwins/video/7337791341759434027,,,,,,,,,,,,,,,conflict,conflict,,,
https://www.tiktok.com/@dobretwins/video/7341146117200989471,,,,,,dominant,present,,,,,,,,,conflict,,,
https://www.tiktok.com/@dobretwins/video/7341826907832388907,,present,,,,,,,,,,conflict,,,conflict,,,,
https://www.tiktok.com/@dobretwins/video/7344137720555474218,,,,,present,present,present,,,,,present,,conflict,,,,,
https://www.tiktok.com/@dobretwins/video/7347104324209708331,,,,,,,,,,,,dominant,,,,,,,
https://www.tiktok.com/@drvanitarattan/video/7006755669495893253,present,,,,,,,,present,,,,,,dominant,,,,
https://www.tiktok.com/@drvanitarattan/video/7342921117868313888,present,conflict,,,,,present,,,,,,,conflict,,,,,
https://www.tiktok.com/@drvanitarattan/video/7343968045540363552,,,,,,,,,present,,,,,,present,,,,
https://www.tiktok.com/@drvanitarattan/video/7344468579078769953,,,,,,,,,present,,,,,,present,,,,
https://www.tiktok.com/@drvanitarattan/video/7344712649793441057,,,,,,,,,dominant,,,,,,present,present,,,
https://www.tiktok.com/@drvanitarattan/video/7345819618461748512,,,,,,,,,present,,,,,,present,,,,
https://www.tiktok.com/@drvanitarattan/video/7346562650869927201,dominant,,,,,,,,,,,,,,present,,,,
https://www.tiktok.com/@drvanitarattan/video/7347638030682852641,,present,,,present,present,,,present,,,,,,present,present,,,
https://www.tiktok.com/@drvanitarattan/video/7348179957929020705,,dominant,,,dominant,,,,,,,,,,present,,,,
https://www.tiktok.com/@fabioandben/video/7379676672070536494,,,,,,,,present,conflict,,,conflict,,,,present,,,
https://www.tiktok.com/@fabioandben/video/7380055244341906730,,,,,,,,conflict,,,,conflict,,,,,,,
https://www.tiktok.com/@fabioandben/video/7380457824742067498,,,,,,,present,conflict,,,,conflict,,,conflict,,,,
https://www.tiktok.com/@fabioandben/video/7380845032066174254,present,conflict,,,present,,,conflict,conflict,,,,,,,conflict,,,
https://www.tiktok.com/@fabioandben/video/7381194338950237482,,,,,,,present,,,,,conflict,,,conflict,conflict,,,
https://www.tiktok.com/@fabioandben/video/7383760276388203807,,present,,,present,,,present,,,,,,,,present,,,
https://www.tiktok.com/@fabioandben/video/7384129332203031839,,present,,,dominant,,,,,,,,,,,,,,
https://www.tiktok.com/@fabioandben/video/7384523188606209311,,present,,,,,,,,,,,,,,,,,
https://www.tiktok.com/@fabioandben/video/7384919860427377951,,conflict,,,,,,conflict,,,,,,,,,,,
https://www.tiktok.com/@fabioandben/video/7385270979133508907,,,,,present,,,,,,,,,,,present,,,
https://www.tiktok.com/@fancytiktokbygab/video/7060552259330903342,,,,,,,present,present,,,,conflict,,conflict,,,,,
https://www.tiktok.com/@fancytiktokbygab/video/7337048701350776106,,present,present,,present,present,,,present,,,,,conflict,,,,,
https://www.tiktok.com/@fancytiktokbygab/video/7341516440555506990,present,,present,,,present,,,,,,,,,,,,,
https://www.tiktok.com/@fancytiktokbygab/video/7341558507625368874,present,,,,,,,,,,,dominant,,,present,,,,
https://www.tiktok.com/@fancytiktokbygab/video/7341857841101163822,,,present,,present,dominant,,,,,,,,,,,,,
https://www.tiktok.com/@fancytiktokbygab/video/7344128870632656170,,,,,,present,,,,,,,,conflict,,present,,,
https://www.tiktok.com/@fancytiktokbygab/video/7345932488893697326,,,,,,present,,,present,,,,,,,,,,
https://www.tiktok.com/@fancytiktokbygab/video/7346062786121747755,,,dominant,,,,conflict,,,,,,,conflict,,,,,
https://www.tiktok.com/@fancytiktokbygab/video/7347757302650473774,,,,present,,,,,,,,,present,conflict,,,,,
https://www.tiktok.com/@fresh/video/7106491507359714561,,,present,dominant,,,,,,,,,,,,,,,
https://www.tiktok.com/@fresh/video/7108686621398043906,,,,,present,dominant,,,,,,,,conflict,,,,,
https://www.tiktok.com/@fresh/video/7111305181106621698,,present,,,present,,,,conflict,,,,,,,,,,
https://www.tiktok.com/@fresh/video/7114317662146055426,,,present,,present,,,,,,,,,,,,,,
https://www.tiktok.com/@fresh/video/7117194553739791618,,,present,,present,,,,,,,,,,,,,,
https://www.tiktok.com/@fresh/video/7327163766913649938,,,,,present,,,,,,,,,,,present,,,
https://www.tiktok.com/@fresh/video/7330503536142306568,,,present,,conflict,,present,conflict,,,,conflict,,,,,,,
https://www.tiktok.com/@fresh/video/7332403294221995282,,,,,present,,,,,,,present,,,,,,,
https://www.tiktok.com/@fresh/video/7336081044262636808,,,,,dominant,,present,,,,,,,conflict,,,,,
https://www.tiktok.com/@fresh/video/7338805978978159880,,present,dominant,,dominant,dominant,dominant,present,,,,,,conflict,,,,,
https://www.tiktok.com/@garzacrew/video/7277366761836662046,,present,,,,,,,,,conflict,,,conflict,,,,,
https://www.tiktok.com/@garzacrew/video/7277650590425943327,,conflict,,,,,conflict,,,,,present,,,,,,,
https://www.tiktok.com/@garzacrew/video/7337059738263342382,present,,,,,,,dominant,present,,,present,,,,present,,,
https://www.tiktok.com/@garzacrew/video/7342923220523306283,,,,,,,,,dominant,,,,,,,present,,,
https://www.tiktok.com/@garzacrew/video/7343410421275168043,,,,present,dominant,,,,,,,,,conflict,,,,,
https://www.tiktok.com/@garzacrew/video/7344444192325668139,conflict,,,present,,,,,,,,present,,,,,,,
https://www.tiktok.com/@garzacrew/video/7345632464779496747,,,,,,,,,present,,,,,,,present,,,
https://www.tiktok.com/@garzacrew/video/7346588125684108590,,present,,,,,,,,,,,,,present,,,,
https://www.tiktok.com/@garzacrew/video/7347515940310945070,,,,,,,,,,,,,present,,,dominant,,,
https://www.tiktok.com/@garzacrew/video/7347786798032276782,present,,dominant,,,,,,present,,,,,,,,,,
https://www.tiktok.com/@hyram/video/7212353869328813354,present,,,,,,,,,,,,,,dominant,,,,
https://www.tiktok.com/@hyram/video/7217627401986084139,,,,,,,,,conflict,,,,,,,conflict,,,
https://www.tiktok.com/@hyram/video/7342239884440079647,,,,,,,,,,,,,,,,,,,
https://www.tiktok.com/@hyram/video/7343373873200565535,,,,,,,,,,,,conflict,,,present,,,,
https://www.tiktok.com/@hyram/video/7344072369377512735,,,,,,,,,dominant,,,present,,,present,,,,
https://www.tiktok.com/@hyram/video/7344493689466555679,,,,present,,present,,,dominant,,,,,,present,present,,,
https://www.tiktok.com/@hyram/video/7346338012927626526,,,,,,present,,,present,,,,,,present,present,,,
https://www.tiktok.com/@hyram/video/7347033361593978142,,,,present,,,,,present,,,,,,present,,,,
https://www.tiktok.com/@hyram/video/7348196252791754014,,present,,,,dominant,,,,,,,,,,present,,,
https://www.tiktok.com/@jamescharles/video/7296575520605670702,dominant,dominant,present,,present,present,,dominant,,,,,,conflict,,conflict,,,
https://www.tiktok.com/@jamescharles/video/7333695401620557098,,dominant,,present,present,,,present,present,,,,,,,,,,
https://www.tiktok.com/@jamescharles/video/7341148151446916395,,,,,,,,conflict,,,,,present,,,,,,
https://www.tiktok.com/@jamescharles/video/7341873634367049003,,,,,present,,,present,,,,present,,conflict,,present,,,
https://www.tiktok.com/@jamescharles/video/7342774592626330923,,,,,present,present,,,,,,,,conflict,,,,,
https://www.tiktok.com/@jamescharles/video/7343526925794577707,,present,,,,,,,,,,conflict,,conflict,,,,,
https://www.tiktok.com/@jamescharles/video/7344627715061878058,,,,present,present,present,,conflict,,,,,,,,,,,
https://www.tiktok.com/@jamescharles/video/7345227065349639470,,,present,present,,,,conflict,,,,,,,,,,,
https://www.tiktok.com/@jamescharles/video/7343746994646797614,,,,,,present,,,,,,,,present,,,,,
https://www.tiktok.com/@jameshenry/video/6707676888397008133,,conflict,,,,,,conflict,,,,conflict,,,,,,,
https://www.tiktok.com/@jameshenry/video/6765590135749856517,,,,,present,,,,,,,conflict,present,,,,,,
https://www.tiktok.com/@jameshenry/video/7204235211461283118,,,,,present,,present,,,,,,,conflict,,,,,
https://www.tiktok.com/@jameshenry/video/7334057950958325022,,,,,dominant,,,present,,,,,,,,,,,
https://www.tiktok.com/@jameshenry/video/7336659426587331870,,,,,,,,present,,,,conflict,,,conflict,present,,,
https://www.tiktok.com/@jameshenry/video/7339608051181276447,,,,,,,,,,,,conflict,,,,present,,,
https://www.tiktok.com/@jameshenry/video/7340395378463739167,,,,,,,,present,conflict,,,present,,,,,,,
https://www.tiktok.com/@jameshenry/video/7343730056872627486,,,,,,,,,,,,,,,,conflict,,,
https://www.tiktok.com/@jameshenry/video/7348169508818898207,present,,,,present,present,,,,,,,,,present,,,,
https://www.tiktok.com/@jaydencroes/video/7172314045968665861,,present,,,,,,conflict,conflict,,,conflict,,,conflict,,,,
https://www.tiktok.com/@jaydencroes/video/7195287637605797125,present,present,,,,,present,,,,,,,,,,,,
https://www.tiktok.com/@jaydencroes/video/7196351931256818950,present,present,,,present,,present,,conflict,,,,,,conflict,conflict,,,
https://www.tiktok.com/@jaydencroes/video/7197114055780257029,,,,,,,dominant,conflict,conflict,,,conflict,,,,conflict,,,
https://www.tiktok.com/@jaydencroes/video/7201589785977277701,,,present,,,,,,,,,present,,dominant,,present,,,
https://www.tiktok.com/@jaydencroes/video/7202039478406647045,,,,,,,,present,,,,,,conflict,present,,,,
https://www.tiktok.com/@jaydencroes/video/7203412042219359493,,,,present,,,,,,,,,,conflict,,,,,
https://www.tiktok.com/@jaydencroes/video/7234581901451873541,,,,dominant,,present,,,,,,,,,,,,,
https://www.tiktok.com/@jaydencroes/video/7273976545889225989,,,,,,,conflict,,,,,conflict,,,,conflict,,,
https://www.tiktok.com/@joshrichards/video/7334459607584083246,,,present,,present,,,,,,,,,conflict,,,,,
https://www.tiktok.com/@joshrichards/video/7336364992092015915,,,,present,,,,conflict,,,,conflict,,,,conflict,,,
https://www.tiktok.com/@joshrichards/video/7338571014579817771,,present,present,dominant,,,,,,conflict,,,,conflict,present,present,,present,
https://www.tiktok.com/@joshrichards/video/7340397430984150315,present,,,,,,,conflict,,,,,,present,conflict,conflict,,,
https://www.tiktok.com/@joshrichards/video/7342247031534062891,,dominant,present,,,,present,,conflict,,,present,present,,,,,,
https://www.tiktok.com/@joshrichards/video/7342609216328224046,,,,,,,,conflict,,,,,,conflict,,,,,
https://www.tiktok.com/@joshrichards/video/7344462342698044715,,,dominant,present,present,,,conflict,conflict,,,,,,conflict,conflict,,,
https://www.tiktok.com/@joshrichards/video/7346000899891793198,,,,,,,present,,,,,,,conflict,,conflict,,,
https://www.tiktok.com/@joshrichards/video/7346694107307298094,,,,,present,,present,,,,,,,conflict,,,,,
https://www.tiktok.com/@joshrichards/video/7347861693566897451,,present,present,,,,present,,,,,,,,conflict,present,,,
https://www.tiktok.com/@jstustudio/video/7296162249792621870,,present,present,,present,,,,conflict,,,,,,present,,,,
https://www.tiktok.com/@jstustudio/video/7296265014439120174,present,,,,,,,,,,,,,,conflict,,,,
https://www.tiktok.com/@jstustudio/video/7296658956729011498,,,present,conflict,present,,,,,,,,,,,,,,
https://www.tiktok.com/@jstustudio/video/7298086910138846507,,,present,,present,,,conflict,conflict,,,,,,,conflict,,,
https://www.tiktok.com/@jstustudio/video/7303238101235764522,,,dominant,present,present,,present,conflict,conflict,,,,,,,,,,
https://www.tiktok.com/@jstustudio/video/7303616041320566059,,present,present,,dominant,,present,,,,,,,,,,,,
https://www.tiktok.com/@jstustudio/video/7314404563862408494,present,present,present,,present,present,,,conflict,,,,,present,,,,,
https://www.tiktok.com/@jstustudio/video/7322545837324668202,,present,,present,present,,,,,,,,,,,,,,
https://www.tiktok.com/@jstustudio/video/7323278544757607722,,,dominant,present,present,,,conflict,conflict,,,,,,,,,,
https://www.tiktok.com/@jstustudio/video/7324003235524627754,dominant,present,dominant,present,present,,,,,,,,,,,,,,
https://www.tiktok.com/@kallmekris/video/7376721647430159622,,,,,,,,conflict,,,,conflict,,,,,,,
https://www.tiktok.com/@kallmekris/video/7376732702420012293,,,,,,,dominant,,present,,,present,,,conflict,present,,,
https://www.tiktok.com/@kallmekris/video/7377498504463207685,,conflict,,,conflict,,,,,,,conflict,,,,,,,
https://www.tiktok.com/@kallmekris/video/7378194981443439877,,,present,,,,,,conflict,,,,,,,,,,
https://www.tiktok.com/@kallmekris/video/7380793754677939462,,,,,,,present,,,,,,,,,present,,,
https://www.tiktok.com/@kallmekris/video/7381689930726100229,,,,,,,dominant,dominant,conflict,,,present,,,,conflict,,,
https://www.tiktok.com/@kallmekris/video/7382699337479900422,,present,,,,,,,conflict,,,conflict,,,conflict,conflict,,,
https://www.tiktok.com/@kallmekris/video/7383048648474610950,,,,,,,present,,,conflict,,conflict,,conflict,,conflict,,,
https://www.tiktok.com/@kallmekris/video/7384977374326099206,,present,present,,,,,,,,,,,,,,,,
https://www.tiktok.com/@kallmekris/video/7385249966291307782,,,present,,,,,,,,,,,conflict,,,,,
https://www.tiktok.com/@kayladrwal02/video/7054022911434427695 ,,,,,dominant,present,,present,,,,,,conflict,,,,,
https://www.tiktok.com/@kayladrwal02/video/7360308508329364779 ,,present,present,,present,,,,,,,,,,,,,,
https://www.tiktok.com/@kayladrwal02/video/7360783076437265707 ,,,,,dominant,present,,,,,,,,,,,,,
https://www.tiktok.com/@kayladrwal02/video/7361078573110693162,,,,,present,present,,present,,,,,,,,,,,
https://www.tiktok.com/@kayladrwal02/video/7361498923833298219 ,present,,present,,dominant,,,,,,,,,,,,,,
https://www.tiktok.com/@kayladrwal02/video/7361934212871540011,present,,,,present,present,,,,,,,,,,,,,
https://www.tiktok.com/@kayladrwal02/video/7362258694416944426,,,,,present,present,,present,,,,,,,,,,,
https://www.tiktok.com/@kayladrwal02/video/7362893034226224430,,,,,present,present,present,,,,,,,,,,,,
https://www.tiktok.com/@kayladrwal02/video/7363343537523477803,,,,,dominant,present,,present,,,,,,conflict,,,,,
https://www.tiktok.com/@kayladrwal02/video/7363729302413692202 ,dominant,,present,,,,,,,,,,,,present,,,,
https://www.tiktok.com/@kcstauffer/video/7343030600367869214,,present,,,,,,,,,,conflict,,,,,,,
https://www.tiktok.com/@kcstauffer/video/7343310653483994398,,present,,,,,,conflict,,,,conflict,,,,,,,
https://www.tiktok.com/@kcstauffer/video/7343673903769734430,,,,,,,conflict,,present,,present,,,,,,,,
https://www.tiktok.com/@kcstauffer/video/7344114350304595231,,present,,,,,,,,,,,,conflict,,,,,
https://www.tiktok.com/@kcstauffer/video/7345985277493611806,,,,,,,,,,,,,,,,,,,
https://www.tiktok.com/@kcstauffer/video/7346687367157140779,,present,,,,,,,,,,,,conflict,,,,,
https://www.tiktok.com/@kcstauffer/video/7346756153277156639,present,,,,,,,,,,,conflict,,conflict,,,,,
https://www.tiktok.com/@kcstauffer/video/7347433511323716894,present,present,,,,,,present,,,,conflict,,,,,,,
https://www.tiktok.com/@kcstauffer/video/7347856722561649950,dominant,conflict,,,,,conflict,,,,,conflict,,,,,,,
https://www.tiktok.com/@khancherz/video/7019780163097332997,,,,present,,,dominant,,,conflict,conflict,,,conflict,,conflict,,,
https://www.tiktok.com/@khancherz/video/7033789545594260742,,,,,,,,dominant,,,,,,conflict,,,,,
https://www.tiktok.com/@khancherz/video/7037501500544830726,,,,,,,present,,,,,,,conflict,,,,,
https://www.tiktok.com/@khancherz/video/7294295932106018094,,,,,present,,present,,,,,,,conflict,,conflict,,,
https://www.tiktok.com/@khancherz/video/7294690452941393182,,,,,,,present,,,,,present,,conflict,,,,,
https://www.tiktok.com/@khancherz/video/7294700952458677535,,,,,present,,present,,,,,,,conflict,,,,,
https://www.tiktok.com/@khancherz/video/7295421779441454366,,,,,,,conflict,,conflict,,,,,conflict,conflict,,,,
https://www.tiktok.com/@khancherz/video/7322510807252880686,,,,,,,,,,,,conflict,,,,,,,
https://www.tiktok.com/@khancherz/video/7323682475106995498,,present,present,,,,conflict,,,,,,,conflict,,,,,
https://www.tiktok.com/@khancherz/video/7324672569200807214,,,,,,,,,,,,conflict,,conflict,,conflict,,,
https://www.tiktok.com/@lachlan/video/7322646788769451265,,,,,present,,,dominant,,,,,,,,,,,
https://www.tiktok.com/@lachlan/video/7335614903408921864,,present,present,present,,present,,,,,,,,,,,,,
https://www.tiktok.com/@lachlan/video/7337059888088042754,present,,,,present,,,conflict,,,,,,,,,,,
https://www.tiktok.com/@lachlan/video/7337823209238056194,,,,,dominant,,,,,,,,,,,,,,
https://www.tiktok.com/@lachlan/video/7341895431883967746,,conflict,,,dominant,,,conflict,,,,,,,,,,,
https://www.tiktok.com/@lachlan/video/7346028452283190548,,present,,,present,,present,dominant,,,,conflict,,,,,,,
https://www.tiktok.com/@lachlan/video/7353424545077906689 ,,present,present,,dominant,,,,,,,present,,conflict,present,,,,
https://www.tiktok.com/@lachlan/video/7354485836466949392 ,present,,,,conflict,,,,,,,,,,present,,,,
https://www.tiktok.com/@lachlan/video/7357425254014274817,,,present,,dominant,dominant,present,conflict,,,,,,,,,,,
https://www.tiktok.com/@lachlan/video/7363824400572976385,dominant,,,,present,,present,,,,,present,,,,present,,,
https://www.tiktok.com/@laurengodwin/video/6925515675729513733,,present,,,present,,,,,,,,,,dominant,present,,,
https://www.tiktok.com/@laurengodwin/video/6961094674505288966,,present,,dominant,,,,,,,,,conflict,conflict,conflict,,,,
https://www.tiktok.com/@laurengodwin/video/7332987736091249966,,,,,,,,,present,,,conflict,,,,,,,
https://www.tiktok.com/@laurengodwin/video/7333407362235059499,,,dominant,,,,,,,,,,,,,,,,
https://www.tiktok.com/@laurengodwin/video/7334442829034409262,,,,present,,,,,,,,present,,,,,,,
https://www.tiktok.com/@laurengodwin/video/7345299797173161259,present,dominant,,present,,,,,present,,present,,,,,,,,
https://www.tiktok.com/@laurengodwin/video/7345970311730564398,,,present,,,present,,,,,,,,conflict,,,,,
https://www.tiktok.com/@laurengodwin/video/7346729873806773547,,present,present,present,,,,,,,,,,,,,,,
https://www.tiktok.com/@laurengodwin/video/7347110921086455082,present,present,,present,,,,,conflict,,,,,,,,,,
https://www.tiktok.com/@laurengodwin/video/7348532315322125611,present,,,,,,,conflict,,,,conflict,,,,conflict,,,
https://www.tiktok.com/@lexibrookerivera/video/7314426615595896107,,,,,,,present,conflict,,,,present,,conflict,,,,,
https://www.tiktok.com/@lexibrookerivera/video/7322210616284925227,,,present,,,,present,,,,,,,,,conflict,,,
https://www.tiktok.com/@lexibrookerivera/video/7343009971627625774,present,,,,,,,,,,,conflict,,,,conflict,,,
https://www.tiktok.com/@lexibrookerivera/video/7345586411061382442,,,,,,,,conflict,,,,conflict,,,,,,,
https://www.tiktok.com/@lexibrookerivera/video/7348539203321367851,,,,present,,,,,,,,,,,,present,,,
https://www.tiktok.com/@lexibrookerivera/video/7353743816739851562,,,,conflict,,,,,,,,conflict,,,,conflict,,,
https://www.tiktok.com/@lexibrookerivera/video/7357416803838070059,,,,,,,conflict,,,,,,,,,,,,
https://www.tiktok.com/@lexibrookerivera/video/7358543398007098667,,,,present,,dominant,present,,,,,,,conflict,,,,,
https://www.tiktok.com/@lexibrookerivera/video/7359309561813077294,,,,,present,dominant,,,,,,,,conflict,,,,,
https://www.tiktok.com/@lexibrookerivera/video/7361882962696097070,,,,,,,,conflict,,,,conflict,,conflict,,,,,
https://www.tiktok.com/@liamsilk/video/7319640615656934699,,,,,,,present,,,,,,,,,conflict,,,
https://www.tiktok.com/@liamsilk/video/7322127153452240174,,,,,,,,dominant,conflict,,present,,,,,,,,
https://www.tiktok.com/@liamsilk/video/7322537509865409835,present,,,,,,,,,,,,,,,dominant,,,
https://www.tiktok.com/@liamsilk/video/7327041295971650862,,,,,,,,,,,,,,,conflict,,,,
https://www.tiktok.com/@liamsilk/video/7335271295560453419,,,,,,,,,,,,conflict,,,,,,,
https://www.tiktok.com/@liamsilk/video/7336685902938262830,,,,,,,,,,,,present,,,,present,,,
https://www.tiktok.com/@liamsilk/video/7340809866073673003,,conflict,,,conflict,,,present,,,,,,,present,,,,
https://www.tiktok.com/@liamsilk/video/7344404546015202603,,,,,,,,,,,,,,,present,,,,
https://www.tiktok.com/@liamsilk/video/7346683426034027818,,,,,,,,,,,,present,,,,,,,
https://www.tiktok.com/@loserfruit/video/7175488579039235329,,,,present,,,present,,,,,,,,,,,,
https://www.tiktok.com/@loserfruit/video/7322425724852342018,,,present,,dominant,present,conflict,conflict,,,,,,conflict,,,,,
https://www.tiktok.com/@loserfruit/video/7343646217215266049,,,,,,,,,,,conflict,conflict,,,,,,,
https://www.tiktok.com/@loserfruit/video/7344327276634393858,dominant,,,,,,,,,,,conflict,,,,,,,
https://www.tiktok.com/@loserfruit/video/7344540074660449538,,,present,,present,,present,,,,,,,conflict,,conflict,,,
https://www.tiktok.com/@loserfruit/video/7345426258240507138,present,conflict,conflict,,,,,,,,,,,,,,,,
https://www.tiktok.com/@loserfruit/video/7346101215698144513,conflict,conflict,,,present,,conflict,,,,,,,,,,,,
https://www.tiktok.com/@loserfruit/video/7346511139167030530,,,present,,conflict,,,conflict,,,,,,,,,,,
https://www.tiktok.com/@loserfruit/video/7347909635363376385,,,,,present,,,conflict,,,,conflict,,,,,,,
https://www.tiktok.com/@loserfruit/video/7348387947533716738,,present,,present,present,present,,,conflict,,,,,,,,,,
https://www.tiktok.com/@matpatgt/video/7233831569855630635,present,,,,,,,,,,,,,,present,,,,
https://www.tiktok.com/@matpatgt/video/7236426532086959406,present,,,,,,,,,,,,,,,,,,
https://www.tiktok.com/@matpatgt/video/7255404204997528875,present,,,,,,,,,,,,,,present,,,,
https://www.tiktok.com/@matpatgt/video/7259402632312278314,,present,,,dominant,,,,,,,,,,,,,,
https://www.tiktok.com/@matpatgt/video/7260583305718893866,present,,present,,,,,,,,,,,,,,,,
https://www.tiktok.com/@matpatgt/video/7268354138759499039,present,present,,,,,,,,,,,,,present,,,,
https://www.tiktok.com/@matpatgt/video/7268790923662740779,,present,,,dominant,present,,,,,,,,conflict,,conflict,,,
https://www.tiktok.com/@matpatgt/video/7270187413232782622,,,,,,,,,conflict,,,,,,,,,,
https://www.tiktok.com/@matpatgt/video/7286585677750291754,,present,present,,,,,,,,,,,,,,,,
https://www.tiktok.com/@matpatgt/video/7366363178109865258,present,present,,,dominant,present,,,,,,,,,present,,,,
https://www.tiktok.com/@mikaylanogueira/video/7314803175368838431,,present,,,present,,,,,,,,,,present,,,,
https://www.tiktok.com/@mikaylanogueira/video/7325173636099345694,,present,,,present,present,,,,,,,,conflict,present,,,,
https://www.tiktok.com/@mikaylanogueira/video/7346736887849078062,,present,present,,present,,,,,,,,,conflict,,,,,
https://www.tiktok.com/@mikaylanogueira/video/7347057161349909803,,,dominant,present,,present,,,,,,,,,,,,,
https://www.tiktok.com/@mikaylanogueira/video/7347084197724491051,,,present,present,,present,,,,,,,,present,,present,,,
https://www.tiktok.com/@mikaylanogueira/video/7347733303417441578,dominant,,,,dominant,present,,,,,,,,conflict,present,,,,
https://www.tiktok.com/@mikaylanogueira/video/7348105543782763818,,,present,present,,,,,,,,,,conflict,,,,,
https://www.tiktok.com/@mikaylanogueira/video/7348132192838552874,present,present,,,,,,conflict,,,,,,conflict,,,,,
https://www.tiktok.com/@mikaylanogueira/video/7348154746458344746,present,,present,,,,,,,,,,,,,,,,
https://www.tiktok.com/@mikaylanogueira/video/7348496659938086186,present,,,,,,,present,,,,present,,,present,,,,
https://www.tiktok.com/@missremiashten/video/7285080145541516587,present,,,,,,,,present,,,,,,present,dominant,,,
https://www.tiktok.com/@missremiashten/video/7304721435447004446,conflict,,present,,,,,conflict,,,,present,,present,,,,,
https://www.tiktok.com/@missremiashten/video/7346657114200329514,,present,,present,,,,,,,,,,,,,,,
https://www.tiktok.com/@missremiashten/video/7346717978597051691,dominant,,present,,,,,,,,,,,conflict,,,,,
https://www.tiktok.com/@missremiashten/video/7346773031236226347,,present,,,,,,conflict,,,,,,,conflict,,,,
https://www.tiktok.com/@missremiashten/video/7347012336047246634,,,,,,,present,,present,,,,,,present,present,,,
https://www.tiktok.com/@missremiashten/video/7347784849375235374,conflict,,present,present,,,,,,,,,,,,,,,
https://www.tiktok.com/@missremiashten/video/7348152345223564587,present,,dominant,present,,,,,present,,,,,,,,,,
https://www.tiktok.com/@missremiashten/video/7348222057802452267,,present,,present,,,,conflict,conflict,,,,,,,,,,
https://www.tiktok.com/@missremiashten/video/7348562857342127402,present,,dominant,,,,,,,,,,,,present,,,,
https://www.tiktok.com/@mongraalreal/video/7360803091991612705,,present,,,dominant,,,,,,,,,conflict,,,,,
https://www.tiktok.com/@mongraalreal/video/7361025467631144225,,,,,conflict,,,conflict,,,,,,,,conflict,,,
https://www.tiktok.com/@mongraalreal/video/7361134613177060640,,,,,conflict,,conflict,conflict,,,,present,,,,conflict,,,
https://www.tiktok.com/@mongraalreal/video/7361809274806209825,,,,,,,,,,,,conflict,,,,conflict,,,
https://www.tiktok.com/@mongraalreal/video/7362160488727268640,,,,present,present,,present,,,,,conflict,,,,conflict,,,
https://www.tiktok.com/@mongraalreal/video/7362285556723649825,,,,,,,,,,,,conflict,,,conflict,conflict,,,
https://www.tiktok.com/@mongraalreal/video/7362480052522487072,,,present,,present,present,present,,,,,conflict,,conflict,,conflict,,,
https://www.tiktok.com/@mongraalreal/video/7362887734475738400,,,,,,,,present,,,,conflict,,,,conflict,,,
https://www.tiktok.com/@mongraalreal/video/7363406570924952865,conflict,,,,,,,conflict,,,,,,,,conflict,,,
https://www.tiktok.com/@mongraalreal/video/7363747813936680224,,,,,present,,dominant,present,,,,,,,conflict,conflict,,,
https://www.tiktok.com/@moriahelizabeth/video/7273220106665332014,dominant,present,,,,,,,,,,,,,conflict,,,,
https://www.tiktok.com/@moriahelizabeth/video/7283615981845482794,,,present,,,present,,,,,,,,,present,,,,
https://www.tiktok.com/@moriahelizabeth/video/7286216801338363179,present,present,present,,,,,,,,conflict,,,,present,present,,,
https://www.tiktok.com/@moriahelizabeth/video/7291738522883657006,present,present,,,,,,,,,,conflict,,,,present,,,
https://www.tiktok.com/@moriahelizabeth/video/7294794152225574187,present,,,,,,,,,,,conflict,,conflict,,conflict,,,
https://www.tiktok.com/@moriahelizabeth/video/7307727458718010670,,dominant,,,,,,,,,,,,,,,,,
https://www.tiktok.com/@moriahelizabeth/video/7308839863820897579,present,present,present,,,,,,,,,,,,,,,,
https://www.tiktok.com/@moriahelizabeth/video/7309209098707406122,present,present,,,,,,,,,,,,,,present,,,
https://www.tiktok.com/@moriahelizabeth/video/7309527664602385710,present,,present,,dominant,,present,,,,,,,,,,,,
https://www.tiktok.com/@moriahelizabeth/video/7342926862655458602,,,,,present,,present,,,,,,,conflict,,,,,
https://www.tiktok.com/@mrbeast/video/7116560138814885166,,,,,,dominant,present,,,,,,,conflict,,,,,
https://www.tiktok.com/@mrbeast/video/7229017548413570350,present,,,,,,present,,,,,,,conflict,,,,,
https://www.tiktok.com/@mrbeast/video/7309179805361179950,,present,present,,present,,,present,,,,,,,,,,,
https://www.tiktok.com/@mrbeast/video/7312884877811109166,conflict,,,,,dominant,,,,,,,,,,,,,
https://www.tiktok.com/@mrbeast/video/7333029200418426143,,present,,,dominant,dominant,,,,,,,,,,present,,,
https://www.tiktok.com/@mrbeast/video/7336647877168614686,,,,,,dominant,present,,,,,,,,,present,,,
https://www.tiktok.com/@mrbeast/video/7340345650963434782,,,,,present,dominant,,,,,,conflict,,,,present,,,
https://www.tiktok.com/@mrbeast/video/7341070239158799646,,,present,,dominant,present,present,,,,,,,conflict,,,,,
https://www.tiktok.com/@mrbeast/video/7343713119836949791,,,,,present,,present,present,,,,,,,,,,,
https://www.tiktok.com/@mrbeast/video/7348109641269710126,,,present,,dominant,dominant,,,,,,,,,,present,,,
https://www.tiktok.com/@mrsavage/video/7360648670477421856,,,,present,,,,,,,,,,,,,,,
https://www.tiktok.com/@mrsavage/video/7360648671278435617,,,present,,dominant,,,,,,,,,conflict,,,,,
https://www.tiktok.com/@mrsavage/video/7360648676055764257,,,,,present,,,,,conflict,,,,,,conflict,,,
https://www.tiktok.com/@mrsavage/video/7360648679050480929,,,,,,,,,,,,conflict,,,,conflict,,,
https://www.tiktok.com/@mrsavage/video/7360648682116566305,,,,,present,,present,,present,,,present,,,,,,,
https://www.tiktok.com/@mrsavage/video/7360648682292677921,,,,,present,,present,present,,,,,,conflict,,,,,
https://www.tiktok.com/@mrsavage/video/7360648684905762080,,,,,present,,present,,,,,,,conflict,,,,,
https://www.tiktok.com/@mrsavage/video/7360648689972432161,present,,,,,present,present,,,,,,,,,,,,
https://www.tiktok.com/@mrsavage/video/7360677266726112545,,present,,present,present,,present,,conflict,,,,,present,,,,,
https://www.tiktok.com/@mrsavage/video/7363277744924331297,,,,present,present,,,,,,,,,,,conflict,,,
https://www.tiktok.com/@nessaabarrett/video/7324427660665425195,,present,,,,present,,,present,,,,,conflict,present,,,,
https://www.tiktok.com/@nessaabarrett/video/7324527458693205291,,,,,,,conflict,,conflict,,,,,conflict,,,,,
https://www.tiktok.com/@nessaabarrett/video/7332664540733148458,,,,,,,conflict,,,,,,,conflict,,present,,,
https://www.tiktok.com/@nessaabarrett/video/7333417225195425066,,,,,,,present,,,,,conflict,,conflict,,,,,
https://www.tiktok.com/@nessaabarrett/video/7334585089826770219,,,,,,,,,,,,conflict,,,,,,,
https://www.tiktok.com/@nessaabarrett/video/7334602446506954026,,,,,,,,conflict,,,,,,conflict,,,,,
https://www.tiktok.com/@nessaabarrett/video/7335659883745922347,,,,present,,,,,,,,present,,conflict,,,,,
https://www.tiktok.com/@nessaabarrett/video/7336044399736016174,,,,,,,present,,,,,,,,,conflict,,,
https://www.tiktok.com/@nessaabarrett/video/7343473757731802410,,,present,,,,,conflict,,,,,,,,,,,
https://www.tiktok.com/@nessaabarrett/video/7346757296652815658,,,,,,,,,conflict,,,,,conflict,,,,,
https://www.tiktok.com/@nianaguerrero/video/7290809942813035782,present,,,,,,,,,,,,,conflict,,conflict,,,
https://www.tiktok.com/@nianaguerrero/video/7334994453909785862,,,,,,,,,,,,,,conflict,,present,,,
https://www.tiktok.com/@nianaguerrero/video/7335721447710657798,,,,,,,present,,,,,,,conflict,,present,,,
https://www.tiktok.com/@nianaguerrero/video/7336553763949300998,,,,,,,,,,,,,,,,present,,,
https://www.tiktok.com/@nianaguerrero/video/7338000345156668677,,,,present,,present,conflict,,,,,,,,,,,,
https://www.tiktok.com/@nianaguerrero/video/7343131640064969990,,,,,present,,,,,,,,,,,,,,
https://www.tiktok.com/@nianaguerrero/video/7345396905242840325,,,,,present,,,,,,,,,,,,,,
https://www.tiktok.com/@nianaguerrero/video/7333497623288007941,,,,,,,,,present,,,,,,,present,,,
https://www.tiktok.com/@nickaustinn/video/7195814058598206763,,,,,,present,present,,,,,,,conflict,,,,,
https://www.tiktok.com/@nickaustinn/video/7257343532543806766,,,,,,,,,,,,,,conflict,,,,,
https://www.tiktok.com/@nickaustinn/video/7269933606250876203,,,,present,,,,,conflict,,,,,,,dominant,,,
https://www.tiktok.com/@nickaustinn/video/7282593017779866911,,,,present,,present,,,,,,,,conflict,,conflict,,,
https://www.tiktok.com/@nickaustinn/video/7330818215905479982,,present,present,,,present,,,,,,,,conflict,,conflict,,,
https://www.tiktok.com/@nickaustinn/video/7334530295581986094,,,,conflict,conflict,,,,conflict,,,,,,,,,,
https://www.tiktok.com/@nickaustinn/video/7343507766767635758,,,,present,,,,,,,,,,,,,,,
https://www.tiktok.com/@nickaustinn/video/7345176142111952171,,present,,,dominant,,,present,conflict,,,,,conflict,,,,,
https://www.tiktok.com/@nickaustinn/video/7345732402393730347,,,,present,,present,,,,,,present,,,,,,,
https://www.tiktok.com/@nickaustinn/video/7345920838710857002,,present,,,dominant,,,conflict,,,,,,,,,,,
https://www.tiktok.com/@nickeh30/video/6863799954129849606,,,,present,present,,,,,,,,,conflict,,,,,
https://www.tiktok.com/@nickeh30/video/7005260889859362053,present,present,,,,present,,,,,,present,,,,present,,,
https://www.tiktok.com/@nickeh30/video/7213941047221587206,,,,,present,,,,,,,,,,,,,,
https://www.tiktok.com/@nickeh30/video/7346235716579609861,,,present,,present,present,,,,,,,,,present,,,,
https://www.tiktok.com/@nickeh30/video/7346293512737918214,,present,present,present,present,,,,,,,,,,,,,,
https://www.tiktok.com/@nickeh30/video/7346732568412458245,,,,present,,,,,conflict,,,,,,,,,,
https://www.tiktok.com/@nickeh30/video/7347105265554148614,,present,,,present,,,,,,,,,,present,,,,
https://www.tiktok.com/@nickeh30/video/7347515350910618885,present,present,present,present,,,,,,,,,,,,,,,
https://www.tiktok.com/@nickeh30/video/7347640346320391430,,present,,,present,,present,,,,,,,conflict,present,,,,
https://www.tiktok.com/@nickeh30/video/7347771377899851013,,,,,present,,,,,,,conflict,,conflict,,,,,
https://www.tiktok.com/@nikkietutorials/video/7143658103056125190,,present,present,present,,,,,,,,,present,,,present,,,
https://www.tiktok.com/@nikkietutorials/video/7279841922317864225,,,dominant,present,,,,,,,,,,,present,,,,
https://www.tiktok.com/@nikkietutorials/video/7332183092624461088,,present,present,,,present,,,,,,,,conflict,,,,,
https://www.tiktok.com/@nikkietutorials/video/7333276585388199201,present,,,present,,,,,,,,,,,present,present,,,
https://www.tiktok.com/@nikkietutorials/video/7337003647273864480,present,,present,present,,,,,,,,,,conflict,,,,,
https://www.tiktok.com/@nikkietutorials/video/7338488416541150497,present,present,conflict,,,,,conflict,,,,,,present,,,,,
https://www.tiktok.com/@nikkietutorials/video/7339602587441761568,,present,present,present,,,,,,,,,,,present,,,,
https://www.tiktok.com/@nikkietutorials/video/7342199296499961121,,,present,present,,,conflict,,,,,,,,present,,,,
https://www.tiktok.com/@nikkietutorials/video/7342571063013870880,,present,,,,present,,,,,,,,,,,,,
https://www.tiktok.com/@ninja/video/7262734609803218222,,,,,present,,,conflict,,,,,,,,,,,
https://www.tiktok.com/@ninja/video/7298085059377024298,,present,,,,,,,,,,,,,,,,,
https://www.tiktok.com/@ninja/video/7342516679148162350,,,,,,,present,,,,,conflict,,,,conflict,,,
https://www.tiktok.com/@ninja/video/7343643287951101230,present,,,,conflict,,,present,,,,,,,,,,,
https://www.tiktok.com/@ninja/video/7344198782394862894,,present,present,,,,,,,,,,,,present,,,,
https://www.tiktok.com/@ninja/video/7344207772214431022,,,,present,present,,,present,,,,,,,,,,,
https://www.tiktok.com/@ninja/video/7344226486280310062,,,,present,dominant,,,,,,,,,conflict,,,,,
https://www.tiktok.com/@ninja/video/7345127161382145323,,present,,,present,,,,,,,,,,,,,,
https://www.tiktok.com/@ninja/video/7345891162009505067,,,,,conflict,,,conflict,,,,conflict,,,,,,,
https://www.tiktok.com/@ninja/video/7347028008873512238,,,,present,,,,,conflict,,,,,,,,,,
https://www.tiktok.com/@ninja/video/7347733994131295531,dominant,,,,,present,,,,,,,,,,,,,
https://www.tiktok.com/@noahbeck/video/7344474892311579946,dominant,,present,,,dominant,,,,,,,,conflict,present,,,,
https://www.tiktok.com/@noahbeck/video/7344782633701739819,present,,,present,,dominant,,,,,,,,conflict,,,,,
https://www.tiktok.com/@noahbeck/video/7345240697265589550,,,,,,,,,,,,,,conflict,,present,,,
https://www.tiktok.com/@noahbeck/video/7345557896534560043,present,present,,present,,dominant,,,present,,,,,,,conflict,,,
https://www.tiktok.com/@noahbeck/video/7345703782753307946,,,,,,,present,,,,,,,conflict,,conflict,,,
https://www.tiktok.com/@noahbeck/video/7345920642878803243,,,,,,,,present,,,,conflict,,,,,,,
https://www.tiktok.com/@noahbeck/video/7346273009893674283,present,,,,,present,,,,,,,,conflict,present,present,,,
https://www.tiktok.com/@noahbeck/video/7346674772400442666,,present,,present,,,,,,,,,,,,,,,
https://www.tiktok.com/@noahbeck/video/7347169698489912622,,present,,present,,present,,,,,,,,,,,,,
https://www.tiktok.com/@noahbeck/video/7347800113672097066,present,dominant,,present,,,,,,,,,,present,,present,,,
https://www.tiktok.com/@norrisnuts/video/7342243144135675138,present,,,,,,,,,,,,,,,,,,
https://www.tiktok.com/@norrisnuts/video/7342264959092395266,,,,,,,,conflict,,,,,,,,,,,
https://www.tiktok.com/@norrisnuts/video/7342299041801178369,,,,,,,,,,,,present,,conflict,,,,,
https://www.tiktok.com/@norrisnuts/video/7342708051264277762,,,dominant,,present,present,,,,,,,,,,,,,
https://www.tiktok.com/@norrisnuts/video/7342744161981959425,,,,,,,,,,,,present,,,,present,,,
https://www.tiktok.com/@norrisnuts/video/7344578502768790785,,,,conflict,,,,,conflict,,,conflict,,,,,,,
https://www.tiktok.com/@norrisnuts/video/7345591437691555079,,,,,,,,,,,,present,,conflict,,,,,
https://www.tiktok.com/@norrisnuts/video/7347428203541187842,,present,,,present,,,,,,,,,,,,,,
https://www.tiktok.com/@norrisnuts/video/7347432031128751361,present,,,,,,,,,,,,,,,,,,
https://www.tiktok.com/@norrisnuts/video/7347580451613166855,,present,dominant,present,present,present,conflict,conflict,conflict,,,conflict,,,,conflict,,,
https://www.tiktok.com/@notenoughnelsonsofficial/video/7156690274364837166,,,,,,,,,,,,conflict,conflict,,conflict,,,,
https://www.tiktok.com/@notenoughnelsonsofficial/video/7360734624751897898,present,,conflict,,,,,,,,,,,,,,,,
https://www.tiktok.com/@notenoughnelsonsofficial/video/7361106396114554158,,,,,,,,,,,,,,,conflict,,,,
https://www.tiktok.com/@notenoughnelsonsofficial/video/7362236928302845227,,present,,,,,,,,,,,,,,,,,
https://www.tiktok.com/@notenoughnelsonsofficial/video/7362268506412420395,,,,,,,,,,,,,,conflict,,,,,
https://www.tiktok.com/@notenoughnelsonsofficial/video/7362707930593955114,,,present,,,,present,present,,,,,,conflict,,,,,
https://www.tiktok.com/@notenoughnelsonsofficial/video/7363329660916174126,,,present,,present,,,,,,,,,conflict,,,,,
https://www.tiktok.com/@notenoughnelsonsofficial/video/7363715872848006446,,,,present,,,,,,,,conflict,,conflict,conflict,,,,
https://www.tiktok.com/@notenoughnelsonsofficial/video/7361848657412377899,,,,present,,,conflict,,,,,,,,,,,,
https://www.tiktok.com/@okcron/video/7385391860744801578,present,,,,,,,conflict,,,,conflict,,,,conflict,,,
https://www.tiktok.com/@okcron/video/7385397420554767662,present,,,,present,,,,,present,,,,,,present,,,
https://www.tiktok.com/@okcron/video/7385647848471235883,,,,,,,,conflict,,,,conflict,,,,,,,
https://www.tiktok.com/@okcron/video/7385697244038696235,,,,,present,,,conflict,conflict,,,,,,,,,,
https://www.tiktok.com/@okcron/video/7385733645102763307,,dominant,,present,,,,,,,,,,,,present,,,
https://www.tiktok.com/@okcron/video/7385751479073770794,,,present,,present,,,,,,,,,,,,,,
https://www.tiktok.com/@okcron/video/7385790194122755371,,,present,,present,,,,,,,,,,,present,,,
https://www.tiktok.com/@okcron/video/7386072836802202923,,conflict,,,,,,,conflict,,,,,,,,,,
https://www.tiktok.com/@okcron/video/7386095397896310062,,,present,,present,,present,,,,,,,,,present,,,
https://www.tiktok.com/@okcron/video/7386148824361798955,,,,,,conflict,present,,,,,,,conflict,,,,,
https://www.tiktok.com/@piperrockelle/video/7344081959477316907,,,,,,,,,,,,conflict,,conflict,conflict,,,,
https://www.tiktok.com/@piperrockelle/video/7345257536171380014,,,present,present,,,,,,,,,,conflict,,,,,
https://www.tiktok.com/@piperrockelle/video/7345588293427334442,,,,present,,,,,,,,present,,,,present,,,
https://www.tiktok.com/@piperrockelle/video/7345631365368515882,,,,,,,,conflict,,,,,,conflict,,present,,,
https://www.tiktok.com/@piperrockelle/video/7346615797126696238,,,,,,present,,,,,,present,,conflict,,,,,
https://www.tiktok.com/@piperrockelle/video/7347153165600558382,,,,present,,,,,,,,conflict,,conflict,,,,,
https://www.tiktok.com/@piperrockelle/video/7347154198011677994,,,,present,,,,,conflict,,,,,conflict,,,,,
https://www.tiktok.com/@piperrockelle/video/7347908349293268270,,conflict,,present,,,,,conflict,,,,,conflict,,,,,
https://www.tiktok.com/@piperrockelle/video/7348566695994215726,,,,present,,,present,,,,,,,conflict,,,,,
https://www.tiktok.com/@poki/video/7144517311381343534,,,,present,present,,,,,,,,,present,present,present,,,
https://www.tiktok.com/@poki/video/7235746024994786606,,,dominant,present,present,dominant,,,,,,,,conflict,,,,,
https://www.tiktok.com/@poki/video/7237908506572000554,,present,,dominant,,,,,,,,,,,,,,,
https://www.tiktok.com/@poki/video/7247948598405713198,,,,,,present,,conflict,,,,,,,present,,,,
https://www.tiktok.com/@poki/video/7253109639762529578,,,,,,,,conflict,,,,,,,,,,,
https://www.tiktok.com/@poki/video/7258357538465434926,,,,present,,present,,,,,,,,conflict,,,,,
https://www.tiktok.com/@poki/video/7285888782925188394,conflict,,present,,,,,,,,,,,,,present,,,
https://www.tiktok.com/@poki/video/7329589420556963114,present,,,,,,,present,,,present,,,,,,,,
https://www.tiktok.com/@poki/video/7338516216492985642,present,present,,,,,,,present,,,,,,,dominant,,present,
https://www.tiktok.com/@poki/video/7347407325247868203,present,present,present,,,,,,,present,,present,,,present,,,,
https://www.tiktok.com/@preston/video/6992327058927947013,,,,present,,,,,,,,,,,present,,,,
https://www.tiktok.com/@preston/video/7312511773989440810,present,,present,,dominant,present,dominant,conflict,conflict,,,,,,conflict,,,,
https://www.tiktok.com/@preston/video/7320694479202159914,,,,,,dominant,present,,,,,,,present,,present,,,
https://www.tiktok.com/@preston/video/7323303402279111979,,,present,,present,,,,,,,,,,,,,,
https://www.tiktok.com/@preston/video/7333281302520843566,,present,,,present,,,,conflict,,,,,,present,,,,
https://www.tiktok.com/@preston/video/7337364122750766382,present,,,,dominant,dominant,,,,,,,,,,present,,,
https://www.tiktok.com/@preston/video/7338916527946648874,,,,,present,,,,conflict,,,conflict,,,,,,,
https://www.tiktok.com/@preston/video/7341084976160738606,dominant,,,,dominant,present,,,,,,,,,,,,,
https://www.tiktok.com/@preston/video/7343631013697965354,,,,,,present,,,,,,,,,,present,,,
https://www.tiktok.com/@rclbeauty101/video/7324853779344428331,,dominant,,,present,,,,,,,,,,present,present,,,
https://www.tiktok.com/@rclbeauty101/video/7327704572124826923,present,,present,,present,,,,,,,present,,,,present,,,
https://www.tiktok.com/@rclbeauty101/video/7328165976694869294,present,,,present,,present,,,,,,present,,present,present,dominant,,,
https://www.tiktok.com/@rclbeauty101/video/7329220524297735470,,,,,present,,,,present,,present,,,,,,,,
https://www.tiktok.com/@rclbeauty101/video/7339373907813616938,present,,,present,,present,,,,,,,,,,,,,
https://www.tiktok.com/@rclbeauty101/video/7339629881174723886,dominant,,present,,,,,,conflict,,,,,,,present,,,
https://www.tiktok.com/@rclbeauty101/video/7340863270502403370,present,present,present,present,,,,,,,,present,,,,,,,
https://www.tiktok.com/@rclbeauty101/video/7341174269432401195,,,present,,,present,,,present,,,,,,present,,,,
https://www.tiktok.com/@rclbeauty101/video/7345939454202285354,,,,conflict,,,,,,,,,,present,,,,,
https://www.tiktok.com/@rclbeauty101/video/7346734101413580075,,,,,,,,conflict,,,,,,present,,,,present,
https://www.tiktok.com/@realjerian/video/7330319340182490410,,,,,dominant,,,,,,,,,,present,,,,
https://www.tiktok.com/@realjerian/video/7332187359372381486,,,,,dominant,present,,present,,,,,,,,conflict,,,
https://www.tiktok.com/@realjerian/video/7333348043338681642,,present,,,present,,,,,,,,,,present,,,,
https://www.tiktok.com/@realjerian/video/7334402831186726186,,,present,,dominant,,,,,,,,,,,,,,
https://www.tiktok.com/@realjerian/video/7338505075385486635,,present,,,present,,present,,,,conflict,conflict,,,,,,,
https://www.tiktok.com/@realjerian/video/7340348172302339374,,,,,present,,,,,,,,,,,,,,
https://www.tiktok.com/@realjerian/video/7341814951243418926,,,,,dominant,,,,,,,,,,,,,,
https://www.tiktok.com/@realjerian/video/7345157346370407722,,,,,,,,,,,,,,,present,,,,
https://www.tiktok.com/@realjerian/video/7346282242798341419,,dominant,present,,dominant,present,,,,,,,,,,present,,,
https://www.tiktok.com/@realjerian/video/7346991620132195627,,,,,dominant,present,present,,,,,,,,,,,,
https://www.tiktok.com/@rug/video/6933649633516260613,,,present,,present,,,,,,,,dominant,present,,dominant,,,
https://www.tiktok.com/@rug/video/7067206812851981614,,,present,,dominant,dominant,present,,,,,,,conflict,conflict,,,,
https://www.tiktok.com/@rug/video/7318929333366574367,,,,dominant,present,dominant,,,,,,,,present,,,,,
https://www.tiktok.com/@rug/video/7320321966047563054,,,,,present,,,,,,,,,,,,,,
https://www.tiktok.com/@rug/video/7320392074291924270,,,,,present,,,present,present,,,,,,,,,,
https://www.tiktok.com/@rug/video/7326993564724890926,,present,,,present,,,present,,,,,,present,,,,,
https://www.tiktok.com/@rug/video/7331860247692299563,,,,,,present,present,,,,,,,,,,,,
https://www.tiktok.com/@rug/video/7334923630142393643,,,,,,,,,,,,present,,,present,present,,,
https://www.tiktok.com/@rug/video/7335185579539287342,,,,,conflict,present,,,,,,,,,,,,,
https://www.tiktok.com/@rug/video/7343034637104532779,,,,,,,present,,conflict,,,conflict,,,conflict,conflict,,,
https://www.tiktok.com/@sarahbetts/video/7345064469300514066,,,,present,,,,,,,,conflict,,,,,,,
https://www.tiktok.com/@sarahbetts/video/7345432604214152456,present,present,,dominant,,,,,,,,present,,,,,,,
https://www.tiktok.com/@sarahbetts/video/7345808216707648775,,,,present,,,,,,,,,,,present,present,,,
https://www.tiktok.com/@sarahbetts/video/7346178633888845064,,present,,present,,,,,,,,,,,,,,,
https://www.tiktok.com/@sarahbetts/video/7346543503125646610,,present,present,,,,,,,,,,,,present,,,,
https://www.tiktok.com/@sarahbetts/video/7346918808289840402,present,present,present,present,,,,,,,,,,,,conflict,,,
https://www.tiktok.com/@sarahbetts/video/7347665063827754248,present,,,,,,present,,,,,,,,present,present,,,
https://www.tiktok.com/@sarahbetts/video/7348033192265387272,conflict,,present,,,,,,,,,present,,,,,,,
https://www.tiktok.com/@sarahbetts/video/7348399491931770119,present,present,present,,,,,,,,,,,,present,,,,
https://www.tiktok.com/@savv.labrant/video/7263927066465291563,,,present,present,,,,,present,,,,,conflict,,,,,
https://www.tiktok.com/@savv.labrant/video/7266167986703174955,,present,,,,,,,,,,present,,,,present,,,
https://www.tiktok.com/@savv.labrant/video/7269115712751504686,,,,,,,conflict,,,,,present,,present,,,,,
https://www.tiktok.com/@savv.labrant/video/7275037567035149614,,,,,present,,,,,,,,,,,,,,
https://www.tiktok.com/@savv.labrant/video/7284640965694885163,,,,,,present,present,,,,,present,,,dominant,,,,
https://www.tiktok.com/@savv.labrant/video/7296234865635134766,,present,,,,,,,,,,present,,,,conflict,,,
https://www.tiktok.com/@savv.labrant/video/7309551060815858975,,,,present,,,,,,,,,present,,present,present,,,
https://www.tiktok.com/@savv.labrant/video/7321480844432985387,,,,,,,,,,,,present,,conflict,present,,,,
https://www.tiktok.com/@savv.labrant/video/7325118081754434862,,,,,,,present,,,,,,,conflict,,,,,
https://www.tiktok.com/@savv.labrant/video/7341917156277325087,present,present,,,,,,,,,,,conflict,,,,,,
https://www.tiktok.com/@shearsyvr/video/6965809300153355525,,,,,dominant,,present,dominant,conflict,conflict,,,,conflict,,conflict,,,
https://www.tiktok.com/@shearsyvr/video/7318450155282271520,,present,present,,,present,present,,,,,,,,,,,,
https://www.tiktok.com/@shearsyvr/video/7318820026306415905,,,present,,present,,dominant,,,,,,,conflict,,,,,
https://www.tiktok.com/@shearsyvr/video/7320304466719231264,,present,present,,present,present,,,,,,,,,,,,,
https://www.tiktok.com/@shearsyvr/video/7332550404670016801,,,,present,,,,,,,,,,,,conflict,,,
https://www.tiktok.com/@shearsyvr/video/7333663509214924064,,present,,,,,,,present,,,,,,,,,,
https://www.tiktok.com/@shearsyvr/video/7334405728163106080,,,,,present,,,,present,,,,,,,present,,,
https://www.tiktok.com/@shearsyvr/video/7335147868044512544,,,,,dominant,,dominant,,,,,conflict,,conflict,,,,,
https://www.tiktok.com/@shearsyvr/video/7339600734519954720,,,,,,,present,,,,,,,,,conflict,,,
https://www.tiktok.com/@shearsyvr/video/7341456378281708833,,,,,present,,,,conflict,,,,,,,,,,
https://www.tiktok.com/@sssniperwolf/video/7310275766816886062,present,,,,dominant,,present,,present,,,conflict,,,,present,,,
https://www.tiktok.com/@sssniperwolf/video/7310758717329313066,,,,,,,,conflict,,,,conflict,,,,conflict,,,
https://www.tiktok.com/@sssniperwolf/video/7311112472482549035,present,,,,,,,,,,,conflict,,,,present,,,
https://www.tiktok.com/@sssniperwolf/video/7322990832842181930,,dominant,,,conflict,,,,,,,,,,,,,,
https://www.tiktok.com/@sssniperwolf/video/7347055798486371627,present,,present,present,,,present,,,,,,,,,,,,
https://www.tiktok.com/@sssniperwolf/video/7350824169447230762,,,,,dominant,,,,,,,,,,present,,,,
https://www.tiktok.com/@sssniperwolf/video/7358237727349067054,dominant,,,present,,,,,,,,,,conflict,,,,,
https://www.tiktok.com/@sssniperwolf/video/7358645789691792683,,present,,present,,present,,,present,,,,,conflict,,,,,
https://www.tiktok.com/@sssniperwolf/video/7346006902062468394,present,,present,dominant,,dominant,,,,,,,,,,,,,
https://www.tiktok.com/@sssniperwolf/video/7303983383212739886,,present,present,,present,,,,,,,,,,,,,,
https://www.tiktok.com/@stokestwins/video/6860201609398471942,,,,,,,conflict,dominant,,,,present,,,,conflict,,,
https://www.tiktok.com/@stokestwins/video/6883960006832557318,,,,,present,conflict,,,,,,,,,,,,,
https://www.tiktok.com/@stokestwins/video/7052504858028477702,,,,,,,present,,,,,conflict,,,conflict,conflict,,,
https://www.tiktok.com/@stokestwins/video/7156503637106134314,,,,,,,,,,,,,,,,dominant,,present,
https://www.tiktok.com/@stokestwins/video/7197250372279373102,,present,present,present,dominant,,,,conflict,,,,,,,,,,
https://www.tiktok.com/@stokestwins/video/7203638516868189482,,,,,,,,,,,,,present,present,present,dominant,,,
https://www.tiktok.com/@stokestwins/video/7212434692946300206,,,present,,present,present,,,,,,,,dominant,,dominant,,present,
https://www.tiktok.com/@stokestwins/video/7226577094221008174,,present,present,,,present,,,,,,,,present,,dominant,,,
https://www.tiktok.com/@stokestwins/video/7235058868735315243,,,present,,dominant,,,,,,,,,conflict,present,,,,
https://www.tiktok.com/@stokestwins/video/7242747692667964714,,dominant,,,present,dominant,,,,,,,dominant,,,dominant,,,
https://www.tiktok.com/@sypherpk/video/7340747552507170078,,,,,present,present,,,,,,,,,,,,,
https://www.tiktok.com/@sypherpk/video/7341847202437811487,,,dominant,present,present,,,,,,,,,,present,,,,
https://www.tiktok.com/@sypherpk/video/7341910507328245022,,,,,present,conflict,conflict,,,,,,,,,,,,
https://www.tiktok.com/@sypherpk/video/7342968614678514974,,,,,,,,,,,,present,,,present,present,,,
https://www.tiktok.com/@sypherpk/video/7343778926633766175,,present,,present,,present,dominant,conflict,,,,conflict,,conflict,conflict,,,,
https://www.tiktok.com/@sypherpk/video/7343783326269852958,,,,,dominant,,,,,,,,,present,,,,,
https://www.tiktok.com/@sypherpk/video/7344133876845006111,present,conflict,present,,,,,,,,,,,,,,,,
https://www.tiktok.com/@sypherpk/video/7344213769922399519,,,,,dominant,present,,,,,,,,,,,,,
https://www.tiktok.com/@sypherpk/video/7346367002916752671,,,,,present,,,,,,,,,,present,present,,,
https://www.tiktok.com/@sypherpk/video/7348580970901015838,,present,,,dominant,,present,present,,,,conflict,conflict,,,present,,,present
https://www.tiktok.com/@theartsherpa/video/7013419439362198789,present,present,present,,present,,,,,,,,,,,,,,
https://www.tiktok.com/@theartsherpa/video/7069507148639751470,present,present,,,,,,,,,,,,,,present,,,
https://www.tiktok.com/@theartsherpa/video/7334753140757040426,present,,,,,,,,conflict,,,,,,,present,,,
https://www.tiktok.com/@theartsherpa/video/7335415038305373483,,dominant,present,,,,,,,,,,,present,,,,,
https://www.tiktok.com/@theartsherpa/video/7335833058186104106,,present,,dominant,,,,,,,,,,,,present,,,
https://www.tiktok.com/@theartsherpa/video/7336630314506259755,,present,,,present,,,,,,,,,,,present,,,
https://www.tiktok.com/@theartsherpa/video/7336630314506276139,,present,,,,,,,,,,,,,,present,,,
https://www.tiktok.com/@theartsherpa/video/7336630328607395118,dominant,,,,present,,,,,,,,,,present,,,,
https://www.tiktok.com/@theartsherpa/video/7338413412671638826,,,,present,present,,,,,,,,,present,present,present,,,
https://www.tiktok.com/@theartsherpa/video/7338778863708671275,present,,,,,,,,conflict,,,,,,,,,,
https://www.tiktok.com/@thehacksmith/video/7158520129632980230,present,present,present,,,,present,,,,,,,,,,,,
https://www.tiktok.com/@thehacksmith/video/7164020591140408581,,present,,,,,,,conflict,,,,,,,,,,
https://www.tiktok.com/@thehacksmith/video/7164394475890937094,,,,,,,present,,conflict,,,,,,,conflict,,,
https://www.tiktok.com/@thehacksmith/video/7343277503106043141,,dominant,,,present,,,,,,,,,,,,,,
https://www.tiktok.com/@thehacksmith/video/7343707143880609030,,present,present,,present,,,,conflict,,,,,present,,,,,
https://www.tiktok.com/@thehacksmith/video/7344090106954910981,,present,dominant,,present,,,,conflict,,,,,,,,,,
https://www.tiktok.com/@thehacksmith/video/7346670983215910149,,present,,,present,,,,conflict,,,,,,,,,,
https://www.tiktok.com/@thehacksmith/video/7347736720508456197,,,,,present,,dominant,,,,,,,,,,,,
https://www.tiktok.com/@thehacksmith/video/7348105071479000325,,present,present,,,,,,,,,,,,,,,,
https://www.tiktok.com/@thehacksmith/video/7348457966275661061,present,dominant,present,present,present,,,,conflict,,,,,,,present,,,
https://www.tiktok.com/@thejianhaotan/video/7358067517690039569,,present,,present,present,,,present,,,,conflict,,,,,,,
https://www.tiktok.com/@thejianhaotan/video/7358432697267539221,,,,,,,,,,,,present,,,,,,,
https://www.tiktok.com/@thejianhaotan/video/7359164697343462677,,conflict,,present,,,conflict,,conflict,,,,,,,,,,
https://www.tiktok.com/@thejianhaotan/video/7359522158533528853,,,,present,,,conflict,,,,,present,,,dominant,present,,,
https://www.tiktok.com/@thejianhaotan/video/7360642158241565972,,,,present,present,,,,,,,,,,,,,,
https://www.tiktok.com/@thejianhaotan/video/7361029850808716565,present,,,,present,,,,,,,,,,,,,,
https://www.tiktok.com/@thejianhaotan/video/7361396765360196885,,,present,present,,,conflict,,,,,,,,,present,,,
https://www.tiktok.com/@thejianhaotan/video/7363619030705507591,,,,,,,conflict,conflict,,,,present,,,,conflict,,,
https://www.tiktok.com/@thejianhaotan/video/7364358718953147655,,conflict,,,,,conflict,conflict,conflict,,,conflict,,,conflict,present,,,
https://www.tiktok.com/@thejianhaotan/video/7367344792289758485,,,,,dominant,,,,,,conflict,,,,conflict,,,,
https://www.tiktok.com/@theoddtiktoksout/video/7198946810948422958,,,,,,,,conflict,,,,,,,present,present,,,
https://www.tiktok.com/@theoddtiktoksout/video/7206734503341985066,,conflict,,,present,,conflict,,,,,,,,,present,,,
https://www.tiktok.com/@theoddtiktoksout/video/7219712868944596267,,,,,,,present,,conflict,,,,dominant,,,,,,
https://www.tiktok.com/@theoddtiktoksout/video/7224963187660082474,,,present,present,,,,,,,,,,,,,,,
https://www.tiktok.com/@theoddtiktoksout/video/7229777107142954286,,,,conflict,,,,,,,,present,,,,,,,
https://www.tiktok.com/@theoddtiktoksout/video/7274297536876268843,,,,,,,,,,,conflict,,,,,present,,,
https://www.tiktok.com/@theoddtiktoksout/video/7287234969343102250,,,,,,,present,,,,,,,,,present,,,
https://www.tiktok.com/@theoddtiktoksout/video/7310643648486575391,,,,,,,present,,,,,conflict,,,,conflict,,,
https://www.tiktok.com/@theoddtiktoksout/video/7315815559801736479,,present,,,,,present,,conflict,conflict,,,present,,,conflict,,,
https://www.tiktok.com/@theoddtiktoksout/video/7334020082198269214,,,,,,,present,,,,,,,,conflict,conflict,,,
https://www.tiktok.com/@thesupercole/video/7024227629402197253,,,present,,,,,,,,,,,,,dominant,,,
https://www.tiktok.com/@thesupercole/video/7276589151041129774,present,,,present,present,,,,,,,,,conflict,,,,,
https://www.tiktok.com/@thesupercole/video/7296191911453396270,,conflict,,,,,,conflict,,,,dominant,,,present,present,,,
https://www.tiktok.com/@thesupercole/video/7307028017568632095,,,,,,,,,,,,,present,,present,,,,
https://www.tiktok.com/@thesupercole/video/7309542231566765354,,present,,,,,,,,,,,,,,present,,,
https://www.tiktok.com/@thesupercole/video/7311039322520636715,conflict,,,,,,,,,,,,,,,present,,,
https://www.tiktok.com/@thesupercole/video/7314096790599519531,,,,present,,present,,,,,,,dominant,conflict,,,,,
https://www.tiktok.com/@thesupercole/video/7316263992782081326,,,,,,,,,,,,,,present,,dominant,,,
https://www.tiktok.com/@thesupercole/video/7328881051349142815,,,present,,,,,,,,,present,,,,present,,,
https://www.tiktok.com/@thesupercole/video/7347782390837726494,,,,,,,,,,,,conflict,,,,,,,
https://www.tiktok.com/@thinknoodles/video/7283208765279718698,,present,,,dominant,,,,,,,,,,,,,,
https://www.tiktok.com/@thinknoodles/video/7292161974589312299,dominant,,present,,present,,,dominant,,,,,,,,,,,
https://www.tiktok.com/@thinknoodles/video/7292383244744543530,present,,present,,,,,,,,,,,,,,,,
https://www.tiktok.com/@thinknoodles/video/7292750797455199534,,present,,,present,,,,,,,,,,,,,,
https://www.tiktok.com/@thinknoodles/video/7293475566106316078,present,,,,present,,,,,,,,,,,,,,
https://www.tiktok.com/@thinknoodles/video/7293965074174119210,present,,,,,,,,,,,,,conflict,,present,,,
https://www.tiktok.com/@thinknoodles/video/7294340811662085419,present,,,,dominant,,,,,,,,,,,,,,
https://www.tiktok.com/@thinknoodles/video/7295167549472427310,,,,,,,,,,,,,,,present,,,,
https://www.tiktok.com/@thinknoodles/video/7321731808775785770,present,dominant,present,,present,,,,,,,,,,,present,,,
https://www.tiktok.com/@thinknoodles/video/7343021917168733471,,,present,,conflict,,,,,,,,,,,,,,
https://www.tiktok.com/@timthetatman/video/7330717744557608238,,,present,,conflict,,conflict,conflict,,,,,,,,,,,
https://www.tiktok.com/@timthetatman/video/7332570030426639658,,,,,,present,,conflict,,,,,,,,conflict,,,
https://www.tiktok.com/@timthetatman/video/7333323416415636778,present,,,,dominant,,present,,,,,,,,,,,,
https://www.tiktok.com/@timthetatman/video/7335558824088096046,,,,,,,,conflict,,,,conflict,,,,conflict,,,
https://www.tiktok.com/@timthetatman/video/7337786492783201579,,,,,,,,present,,,,,,conflict,,conflict,,,
https://www.tiktok.com/@timthetatman/video/7338170404386737451,,,,,dominant,,,,,,,,,,,,,,
https://www.tiktok.com/@timthetatman/video/7338899375357234475,,,,present,present,,present,,,,,,,,,,,,
https://www.tiktok.com/@timthetatman/video/7339230216449035563,,,,,,,,,,,,,,,,,,,
https://www.tiktok.com/@timthetatman/video/7342595570206346542,,,,,,,present,,,,dominant,,,,conflict,,,,
https://www.tiktok.com/@timthetatman/video/7345580668035910958,,,,,conflict,,,,,,,present,,,,,,,
https://www.tiktok.com/@tonylopez/video/7320052801298615598,,,,,present,,present,,,,,,,conflict,,,,,
https://www.tiktok.com/@tonylopez/video/7325578619315653930,,,,,,dominant,present,,,,,,,conflict,,,,,
https://www.tiktok.com/@tonylopez/video/7332281332531301678,,,,,,,,dominant,,,,,,,,conflict,,,
https://www.tiktok.com/@tonylopez/video/7335581956475866410,present,,,,,,present,dominant,,,,,,conflict,,,,,
https://www.tiktok.com/@tonylopez/video/7336283579334462766,,,,,,,,,,,,,,conflict,,conflict,,,
https://www.tiktok.com/@tonylopez/video/7339370889357675822,,,,dominant,,,present,,,,,,,conflict,,,,,
https://www.tiktok.com/@tonylopez/video/7341860744209763626,,,,,,present,,,,,,,,conflict,,,,,
https://www.tiktok.com/@tonylopez/video/7350092074726968622,,,,,,,,conflict,,,,,,conflict,,,,,
https://www.tiktok.com/@tonylopez/video/7358920582018207018,,,,,,,,conflict,,,,,,,,,,,
https://www.tiktok.com/@tonylopez/video/7336374133619543342,,present,,,,,,,,,,,,conflict,,,,,
https://www.tiktok.com/@typicalgamer/video/6964490887481134341,,,,,,,,,,,,conflict,,,,conflict,,,
https://www.tiktok.com/@typicalgamer/video/7033531624746683654,,,,,present,,,,,,,,,conflict,,,,,
https://www.tiktok.com/@typicalgamer/video/7292151923812224261,,,present,,present,present,,,,,,,,conflict,,,,,
https://www.tiktok.com/@typicalgamer/video/7292898365560376581,,,,present,present,present,,,,,,,,present,,present,,,
https://www.tiktok.com/@typicalgamer/video/7306299475050401029,,,present,,present,,,,,,,,,,present,,,,
https://www.tiktok.com/@typicalgamer/video/7331108914051763461,,,present,present,,,,,,,,,,,,,,,
https://www.tiktok.com/@typicalgamer/video/7332949567811423493,,present,present,,,,,,,,,,,,present,,,,
https://www.tiktok.com/@typicalgamer/video/7338179160470342917,,,dominant,,dominant,,,,,,,,,conflict,,,,,
https://www.tiktok.com/@typicalgamer/video/7344524556629036293,,,,,present,,,,,,,,,,present,,,,
https://www.tiktok.com/@typicalgamer/video/7347137852574158085,,present,present,,present,,,,,,,present,,,present,,,,
https://www.tiktok.com/@unspeakable/video/7192719181811535150,,,present,,,present,,,conflict,,,present,,,present,,,,
https://www.tiktok.com/@unspeakable/video/7200070245007117611,,,present,present,,,,conflict,conflict,,,,,,,,,,
https://www.tiktok.com/@unspeakable/video/7242417913951571246,,,,,,,,,,,,,,,present,,,,
https://www.tiktok.com/@unspeakable/video/7258333142589672746,,,present,,,,present,,,,,,,,,,,,
https://www.tiktok.com/@unspeakable/video/7261643516659436842 ,,present,,present,present,,,,,,,,,,present,,,,
https://www.tiktok.com/@unspeakable/video/7288403838057418027 ,present,present,present,present,,,,,,conflict,,,,,present,,,,
https://www.tiktok.com/@unspeakable/video/7289844916472089898 ,,,,,,present,present,,,,,conflict,,,,,,,
https://www.tiktok.com/@unspeakable/video/7299910516716195114 ,,,present,present,present,,,,,,,,,,present,,,,
https://www.tiktok.com/@unspeakable/video/7305061327565901098 ,,,,,present,,,,conflict,,,,,,,present,,,
https://www.tiktok.com/@unspeakable/video/7306165453951405355 ,,,,,,present,,,,,,,,,present,,,,
https://www.tiktok.com/@valkyrae/video/6964912745850375429,,,,,,,,conflict,conflict,,,,,,,present,,,
https://www.tiktok.com/@valkyrae/video/6997079552434425094,,present,present,present,,,present,,present,,conflict,,,,,,,,
https://www.tiktok.com/@valkyrae/video/7016093339778944262,,,,present,,,present,,,,,present,,,,dominant,,,
https://www.tiktok.com/@valkyrae/video/7018324624513453317,,present,present,,,,,,,,,,,conflict,,present,,,
https://www.tiktok.com/@valkyrae/video/7119966644453051690,,,,present,,,,,,,,,,present,,present,,,
https://www.tiktok.com/@valkyrae/video/7253926648729341230,,,,,,,,conflict,,,,,,present,,,,,
https://www.tiktok.com/@valkyrae/video/7254473562969361707,,,,,,,,,,,,conflict,,,,,,,
https://www.tiktok.com/@valkyrae/video/7256478918650318126,present,present,,,,,,,,,,,,,present,present,,,
https://www.tiktok.com/@valkyrae/video/7288774885860494638,,,,,,,dominant,,,,,,,conflict,,,,,
https://www.tiktok.com/@yayayayoung/video/7338559878350327086,,,,,present,present,present,,,,,,,conflict,,conflict,,,
https://www.tiktok.com/@yayayayoung/video/7340539156113657131,,,,,,,,,,,,conflict,,,,conflict,,,
https://www.tiktok.com/@yayayayoung/video/7342772735900175659,,present,,,,,,,present,,,conflict,,,,,,,
https://www.tiktok.com/@yayayayoung/video/7343508871878790446,,present,,,,,conflict,,dominant,,,present,,,,,,,
https://www.tiktok.com/@yayayayoung/video/7344256306032790826,,present,,,,,,,present,,,,,,,,,,
https://www.tiktok.com/@yayayayoung/video/7344981809899375915,,,,,,,,conflict,dominant,,,,,,,,,,
https://www.tiktok.com/@yayayayoung/video/7345177848883186986,,,,,present,,,,dominant,,,,,,present,,,,
https://www.tiktok.com/@yayayayoung/video/7347956943799029034,,present,,,present,,,present,,,,present,,,,,,,
https://www.tiktok.com/@yayayayoung/video/7348376691301092654,,,,present,,,,,present,,,,,,,present,,,
https://www.tiktok.com/@zachking/video/6768504823336815877,present,present,,,present,,,,,,,conflict,,,conflict,,,,
https://www.tiktok.com/@zachking/video/6974037602315848966,,,,,,,,,conflict,,,,,,,present,,,
https://www.tiktok.com/@zachking/video/7339550019256683819,,,,,present,,,,conflict,,,,,,,,,,
https://www.tiktok.com/@zachking/video/7340295509019528490,,,,dominant,,present,,,,,,,,,,present,,,
https://www.tiktok.com/@zachking/video/7341503734339472683,,,,,,,,,conflict,,,,,,conflict,conflict,,,
https://www.tiktok.com/@zachking/video/7343362115115158826,,,,,,,,conflict,conflict,,,present,,,,dominant,,,
https://www.tiktok.com/@zachking/video/7344381136501574955,,,,,,,present,,,,,,,conflict,,conflict,,,
https://www.tiktok.com/@zachking/video/7345578787544829226,,present,,,,,,,,conflict,,,,conflict,present,,,,
https://www.tiktok.com/@zachking/video/7346977132280630570,,,,,,,conflict,,conflict,,,,,,,,,,
https://www.tiktok.com/@zeuz_/video/6918388970640526598,,,present,present,,,,,,,,,,,,,,,present
https://www.tiktok.com/@zeuz_/video/7021047926566800646,,,,,conflict,,,,,,,conflict,,conflict,,,,,
https://www.tiktok.com/@zeuz_/video/7169321776730672427,,present,,present,,,present,present,conflict,conflict,conflict,,,,,conflict,,,
https://www.tiktok.com/@zeuz_/video/7342979369859697950,present,,,,,,,,present,,,conflict,,conflict,,,,,
https://www.tiktok.com/@zeuz_/video/7346340803062648095,present,,,,dominant,,,,,,,,,,,,,,
https://www.tiktok.com/@zeuz_/video/7346995193024957727,present,,,,present,,,,,,,,,,conflict,,,,
https://www.tiktok.com/@zeuz_/video/7347384674781646111,,,,,,,present,,,,,conflict,,,,conflict,,,
https://www.tiktok.com/@zeuz_/video/7347848700145700126,present,,,,,,,,,,,,,present,,present,,,
https://www.tiktok.com/@zeuz_/video/7348138821680139551,,,,,present,,dominant,,,,,conflict,,,,,,,
https://www.tiktok.com/@zeuz_/video/7348216105447591198,,,,,,,present,,,,,,,,,conflict,,,
